machine_id,defect_flag,temp_zone1,temp_zone2,pressure_main,vibration_motor,voltage_input,usage_hours,error_count_history
DEF-0022,1,65.28099463348202,54.014564683308485,101.84509207126008,2.8451915706104334,189.51623850711405,14561,7
NRM-0170,0,49.18386785884547,53.09912302491324,102.8156772758413,0.23518263402682263,219.814034416821,6739,4
NRM-0462,0,41.238114524295014,40.69635418302331,103.36194668805692,0.5333311634719688,222.36197981061133,1623,1
DEF-0349,1,53.61166882219231,63.35240308620606,73.92214150439767,1.2569929871871484,199.08944829012515,6751,12
DEF-0123,1,58.53790638177001,68.10266722582938,113.55741952891708,1.6969936867493034,197.5514819479116,14900,21
NRM-0400,0,48.86446996109537,44.2912122298623,100.67781708207355,0.6457037287029073,221.27521162446243,4244,0
NRM-0115,0,52.71044962400187,44.98624879482909,100.10530099182182,0.45433233294011155,221.2396182150606,6952,1
DEF-0284,1,72.95703141699742,63.093319687403245,82.8449643013056,3.033160253370711,193.4121340058813,15487,32
DEF-0430,1,68.54617568017945,59.775227066138086,74.7399951486784,2.525921153095739,198.74544922126535,18625,43
NRM-0241,0,54.72605767305742,47.50415795502106,95.6076309932897,0.648491782718524,218.72482491584807,854,0
DEF-0285,1,58.24538555144222,55.38433694771076,97.55727627660272,3.194277554425036,193.10956949508332,19126,42
DEF-0192,1,55.08607650543693,49.23304943198143,80.41557378465747,1.441528165274001,203.21007580068184,16081,6
DEF-0129,1,59.05535451861778,59.62783285449977,99.31008146326018,2.642160800746603,188.3232782064495,13407,23
DEF-0001,1,62.6586304305082,61.39520646100069,105.1577292720979,2.035297492781188,192.37415096410928,11420,37
DEF-0391,1,73.49102110743144,58.00424103574819,94.4977642765612,2.8889021520698526,201.2394797905396,9769,8
NRM-0045,0,51.38361486294158,40.41862949718138,106.77721400552748,0.7340397418393207,220.26859299449558,6494,3
NRM-0084,0,45.17167598238396,53.145831824504725,97.09108983303973,0.2652240071182055,219.60412454203063,5114,4
NRM-0171,0,48.77060622124783,43.05826530849421,98.47190444465843,0.6267322049548117,218.6036006507779,4811,4
NRM-0078,0,49.205321323356095,42.90764484741402,97.64669319136098,0.7900385261269377,221.90536082568335,7335,0
NRM-0101,0,51.75739950176101,41.56386734542995,91.10285275574186,0.7580522258092129,221.5282105926562,5174,2
DEF-0223,1,67.78329061220215,68.19744329708752,88.51060934937516,1.3032974415556657,199.4105239112044,10078,23
NRM-0129,0,46.735563209004674,51.573899127982514,97.17244355891177,0.7394372969244857,217.04786581645655,2560,1
NRM-0213,0,49.986399024454435,42.37184533007308,100.16203506670068,0.3655028807987328,220.44654167184052,7745,2
NRM-0403,0,45.75148351207803,47.30712416479259,106.5047075651585,0.38447715642701935,219.98327577775189,1745,3
NRM-0211,0,50.7666433106859,38.83113579222222,99.17629534947949,0.6852136491655821,217.00437308691914,1289,1
DEF-0385,1,66.42015412255232,60.66628616930639,63.76169935484685,3.1202235170363384,188.02333136873602,15965,21
NRM-0071,0,52.09102877943986,47.22099163645336,105.50661478867882,0.5933090622900254,222.69245151240548,9882,2
DEF-0417,1,40.698078728437295,56.59524462096623,76.47327619948769,3.089833053237642,194.2069166147434,18652,33
DEF-0042,1,57.07479261567299,59.42631779266551,97.57480918470685,3.192604155336097,188.99851796472112,5512,38
NRM-0066,0,48.84533775062335,48.42421368665788,95.17383699560772,0.3777461201610364,217.6645466247795,2746,1
NRM-0121,0,47.23539581316349,39.68105191948984,96.05076280475373,0.5470776521096025,217.34841245729152,9242,3
DEF-0304,1,79.80568055541889,56.453248560319665,95.15767234686449,3.1151178905795787,199.2074635223543,11048,49
NRM-0457,0,55.38935527913737,38.00460785907762,92.39856603879696,0.5901925269552953,222.01346014245414,1546,0
DEF-0336,1,73.72919186770787,56.85047372640794,87.67613097245585,3.060589028106318,193.60804414594512,6588,43
NRM-0114,0,56.206961656565944,43.25508974465832,95.7875125431665,0.5806382421521044,220.4046536297683,9153,0
DEF-0212,1,64.79981100655571,61.91805985393966,76.30201641327584,2.2742555367798007,199.3265845101019,7368,34
NRM-0237,0,52.7201892838689,31.64877001286595,109.01255929537378,0.6668985441409202,216.32293375502053,9907,1
NRM-0364,0,46.97421882197001,49.55209249842785,107.86867108277553,0.5913376021460799,217.0076823736707,209,0
NRM-0486,0,48.293450768950756,47.672718067280954,103.3128127493996,0.5282610248209622,218.3311425329647,4285,3
DEF-0446,1,75.39395053042138,62.48332367113687,87.6523945374694,3.5466526647131484,198.6965292041615,5160,32
NRM-0491,0,44.31549595702174,53.848885663126815,100.64109364296647,0.2645512505010837,220.55697016108948,1179,1
NRM-0246,0,48.77859530111733,47.1714803799768,96.56831576532588,0.3313196903085925,220.44447127326106,3976,3
NRM-0369,0,55.747953448493135,44.8501746675563,99.12117198037343,0.5892212725015815,218.12827955575526,7856,0
DEF-0152,1,58.04578370110024,59.79214951228738,120.30602945523168,1.90810057882929,186.47456665378138,13220,15
DEF-0187,1,66.66769619596518,60.99144688685933,86.10591266325788,2.644516371420352,198.75870136696787,18598,20
NRM-0495,0,47.26296238616563,42.824598873349906,103.86500464689694,0.6405101795436358,222.68534021882522,6918,4
DEF-0142,1,71.31446293533938,72.26921087072854,91.63003246601026,1.1329858886563364,195.84826444735427,13194,36
NRM-0323,0,51.79539148671578,41.67897828026884,90.46863838999647,0.5858356239749998,221.66327511790317,8545,4
DEF-0460,1,58.52684591669963,61.09496261666996,83.71026682002419,2.699209341091619,203.1407477287843,18340,44
DEF-0205,1,81.23396562299045,57.21254107496083,69.45295530631383,2.429374361318996,207.89854668827158,5769,39
NRM-0411,0,45.98595982525622,54.50134212155482,105.1152827762612,0.8287083018241058,220.78225575386546,9507,3
NRM-0309,0,39.49147835945099,45.42194097164151,95.27073669312023,0.4499783082008682,218.94690138115845,1877,4
NRM-0322,0,48.67307300447613,51.03911017310216,106.53639298549878,0.6711088769170926,218.06980065852684,8147,2
DEF-0479,1,56.23615266554697,56.8185522716096,76.08099060093419,2.613673796496276,197.87350630832674,5314,30
NRM-0069,0,47.98462005467485,38.67656784121971,107.64648275419766,0.5263289133838569,218.8208652320152,9998,1
NRM-0112,0,54.79359714161999,46.709525106327355,99.55710484590166,0.5261786975887591,217.42647741069453,9397,4
NRM-0061,0,44.03228862782485,57.22291376291253,97.28858831118669,0.14065239740438934,222.98075894038595,8964,0
DEF-0208,1,48.684991786158356,67.90477147451601,68.44249858886562,1.5222097623395487,189.88782310227117,8713,9
NRM-0464,0,53.419488821713536,49.42951161555604,103.65554265506282,0.4044990105167145,216.7254385211928,7288,2
DEF-0032,1,64.9530400532644,52.145940082361925,112.19773162797829,2.817419425016903,186.0837446891724,15757,39
DEF-0259,1,51.99098243485874,46.42946349754457,78.0075250025477,2.625102498334622,196.6598586697674,14817,8
NRM-0039,0,55.53318892109046,45.923552373905416,104.68957768755328,0.5024998643814501,225.73680611133355,4077,4
DEF-0247,1,58.79154780717357,53.53232128203168,106.16930842658637,3.1073687999358666,197.91943147187655,19042,31
NRM-0359,0,44.33084821596823,50.6678664539451,97.40831995062958,0.7530631961981251,219.04285061697496,2296,3
DEF-0154,1,63.870082181319134,53.87532474905524,91.33428408914553,3.4327309722971204,192.28697579120862,6823,6
NRM-0407,0,53.1933856994015,44.21265068120529,94.52617067885946,0.3944002277219287,221.76299789628985,8438,0
NRM-0336,0,56.28388439180448,44.85820535371313,97.44160720564876,0.34569063905397707,220.34119758892572,2970,0
DEF-0458,1,51.79176226121043,71.18141825397993,87.31275363504857,1.4855886340932989,204.52970674228783,19501,7
NRM-0276,0,52.923416409589606,43.14887204066823,101.95888261173471,0.3678278475546291,220.50138483204552,7235,1
DEF-0117,1,72.47980434061915,57.70744076236762,106.32810416433817,3.448168233208712,191.64980403222327,18192,38
NRM-0298,0,45.22256751364403,46.846655105780656,100.60523474940342,0.5993163341099853,216.57109189254967,3967,2
DEF-0276,1,72.8889929803345,58.64043999463282,90.4098414129626,1.4734580576561536,192.86786487443416,5612,36
NRM-0238,0,45.09570781787854,45.165573056958664,93.08253813732854,0.055511845081935074,221.44544195890631,5895,3
DEF-0005,1,71.64654342749851,63.89596317257502,73.48353365475249,3.4041825551176297,196.8655945736471,13226,18
DEF-0222,1,65.49053409274357,58.84649793402261,70.31580921991622,1.2498761717871372,188.34385103642964,11488,6
DEF-0382,1,57.6848659610367,54.884022443408526,74.5509799364138,1.9007748232359234,201.08686784875815,15180,17
NRM-0185,0,47.49135547535561,54.06703849257711,98.28560569221219,0.5556697269289339,218.98157327480172,3249,4
DEF-0245,1,67.43964321279245,60.81334999498766,77.15540145835276,2.3571120203621243,200.08770458303377,11279,46
NRM-0377,0,48.19376828536194,43.15085455727744,98.36031738811248,0.5349309361277935,218.24343837534198,5187,2
DEF-0294,1,48.73988908223447,57.52070794631594,95.30089256395362,3.614527975271825,188.870333175079,17132,7
NRM-0235,0,46.17514123310702,50.12693282271981,97.70042836432164,0.6763169968777127,219.97175855613312,6056,2
NRM-0034,0,54.50199294197532,47.256126596592544,105.91746833444964,0.26439182652472387,223.33444822310227,2177,3
NRM-0010,0,47.71467896977826,45.27339704240881,100.49534537961705,0.19653875686430136,218.91783234064437,4987,2
NRM-0433,0,45.28487403828845,38.34985729501875,108.12937652770859,0.3680047230021109,222.1643255550208,4825,4
NRM-0435,0,59.44817212778771,51.46649747620629,109.7498752049805,0.250851509953266,221.04502014042103,7700,0
DEF-0271,1,75.65860998761637,55.12981888441062,96.89245959106039,3.766075172385274,196.8993392535454,9976,6
NRM-0220,0,41.732089421875834,46.32306922034107,103.79798095442868,0.6616221123512127,217.27291565762516,4405,3
DEF-0014,1,66.35753829476486,63.040448310004805,100.57471966999081,2.788738702072908,187.66516057410237,16252,10
DEF-0213,1,72.64096078496274,71.59664769990847,95.89976759091557,2.6536392931920254,193.45441767898748,10280,20
NRM-0148,0,59.5390439449064,44.6372883838238,98.74255371254254,0.7188679572805309,220.80438527489545,8529,4
NRM-0396,0,39.93689041740115,45.4972594845633,98.91291807242382,0.7061913298292679,221.2221691268911,2977,3
NRM-0183,0,47.612946469036,45.356621580622445,87.25288472207652,0.5885440550385287,221.99270197518157,8336,1
NRM-0257,0,57.359531995567714,45.20700975107054,97.63650233814566,0.523023213957135,219.48825236816845,9089,1
NRM-0117,0,49.09248418932167,52.14428853906784,92.62933933978947,0.3828144653364489,220.65821355742025,7967,1
DEF-0219,1,72.09461817429856,59.87486520627428,102.26649448800431,3.6121660392138506,197.7890515317593,19716,7
DEF-0229,1,60.06229422251501,59.388265486794474,83.47265103217872,3.1528939488458665,188.4597573922079,11036,30
DEF-0006,1,53.06841770510908,57.95474049138034,83.29887793540281,3.719393306284165,196.6149989863915,14692,22
NRM-0421,0,41.28526234756667,44.9933150239897,105.62109401594923,0.9097263061595565,217.7306693402371,3480,2
DEF-0447,1,73.16339155938344,59.05302429626393,67.69149198380636,2.050714371969469,187.18155157327288,13799,39
DEF-0451,1,68.15725266935492,54.916584357117515,86.33879289488698,2.468554169897895,194.32751607799133,9594,15
DEF-0103,1,54.00644175167911,52.08296639480244,111.23224203766273,1.8627976330739304,198.3038761586107,11456,30
NRM-0057,0,44.12579345808532,39.04900485952244,105.43678412857983,0.6636254572496367,215.78629921728438,9082,1
DEF-0387,1,55.43823116850353,59.75696552563592,96.72919654977244,2.2161541198526233,193.10852362869394,16686,10
DEF-0155,1,73.77101978786293,56.38281592946588,100.96718293886413,2.8446721954669987,196.21653832064183,18156,24
DEF-0045,1,83.72005680472304,43.79366329965464,74.63418537998565,2.2979454788854716,188.76108409017576,15262,14
NRM-0355,0,49.083328282496076,41.324635081863214,108.33506352678535,0.5797128131784015,218.26113450392629,4509,0
NRM-0173,0,43.85838802459555,39.50689787411094,107.10252143635532,0.47730387082357173,220.44311694724843,644,0
DEF-0423,1,46.63825535567502,56.16491236549,112.16522816906517,0.29115042707520816,192.91648699882833,16510,44
NRM-0417,0,49.83724888456143,44.57570477505324,100.86900582438669,0.898772587846519,219.08907923230757,6602,1
DEF-0224,1,57.90873615098087,64.27230313397347,98.22794787802161,1.7620538511908168,202.6058606888237,10671,21
DEF-0329,1,64.92270777745262,65.82903009604193,86.93317530472163,2.3917965396850462,200.01783280091644,18324,35
NRM-0242,0,50.635463744213986,45.434851087876794,107.6176265611452,0.2267104746211873,216.55531328626043,8797,1
NRM-0265,0,55.65109885918741,42.964465156229174,100.60059441537561,0.34000138106099265,219.45954336194544,5891,2
NRM-0031,0,44.826711897815336,36.57649653007087,89.67651255020624,0.8079481525351757,222.21180997183455,6083,4
DEF-0368,1,49.90307240746446,60.60573450924949,102.34843317520235,2.4355584865446214,192.4717182003128,15193,30
DEF-0078,1,59.69498852389472,57.1209087967766,85.87422454272534,0.658463068211532,187.42404468900725,16479,6
NRM-0102,0,50.05321121616325,43.87884896697626,102.4212878329715,0.6067492207483146,222.23765130741285,7188,2
DEF-0083,1,80.8203818296378,55.62190873307621,69.25800403553495,3.240942038025313,204.54708320235065,15167,49
NRM-0264,0,55.16278406176799,52.819500724497665,94.12962934195512,0.3422656137697275,221.7950871406076,128,2
DEF-0099,1,75.08602949848836,65.90987024310907,95.37257768042022,2.4104219835243064,196.63211682535356,16397,12
NRM-0445,0,48.80883162472191,39.301814404454944,108.02365997069433,0.6245757647684077,218.35756275158258,6704,2
NRM-0461,0,43.39450159642786,47.529309549202964,109.95447316472104,0.5326132687771156,217.8749848489794,8061,0
DEF-0077,1,65.35263551971728,62.5729449534527,108.06952608863737,3.181083411680408,191.89818138732224,17912,39
DEF-0499,1,57.84483180741679,58.95500019653134,80.39205815238769,2.639567435869362,190.81855940637305,16460,13
DEF-0301,1,57.9700253973016,61.489605326299014,94.3309859207994,2.252094341084999,186.0287138474497,8828,46
NRM-0136,0,48.406862980537014,50.411189557631836,103.60344735597114,0.3825721336016674,218.4421207183675,7061,1
NRM-0422,0,41.59135732335583,43.52248855233458,99.46735447402959,0.1760887942465189,219.45079534695913,1854,1
DEF-0173,1,62.252525048255826,52.19096569302264,120.02605653795203,2.415686459650139,203.9041460648332,15817,19
NRM-0391,0,48.617367598024444,55.07115237238994,103.18738735974553,0.20520394416777682,218.40904469569128,9107,1
DEF-0010,1,77.12172342133125,66.16748402271529,66.38767069583918,3.010362354579912,184.77788489090042,13110,18
NRM-0293,0,51.964818763089134,44.62014460270843,98.13754060064926,0.30545184527363617,221.0283905054946,9226,3
NRM-0386,0,49.691909776038635,51.145251531738076,100.71454693819086,0.9263540164124328,222.51895942461138,1393,1
NRM-0072,0,50.25891925599477,47.88396911956909,93.27977685764078,0.601065300015613,222.2058554654853,4624,4
NRM-0130,0,57.76520538146324,32.590068321398476,103.59675724645417,0.6084597538611483,220.94214656188691,716,0
DEF-0486,1,72.54083170290473,54.408629227173606,101.14289219365847,2.591095520247747,191.80004091611275,13100,49
DEF-0122,1,64.31019339654208,47.10892285168754,81.57949711356513,2.751362986360361,192.87892217394108,5645,31
DEF-0110,1,48.492642805514386,63.50471130723039,93.5222113019335,3.954415686368892,187.3266075900862,16485,42
NRM-0201,0,54.86550780507536,46.311073661184274,96.9503185277667,0.5290161299018488,218.68442522140884,3350,1
NRM-0337,0,48.201951478911084,39.6826831643883,89.48549134472484,0.458532245493356,221.83003984983992,2786,1
DEF-0130,1,73.1669851771357,63.09330979854966,109.29402920106902,3.3497678807309694,192.73127845731779,18400,16
NRM-0292,0,49.21818431281714,52.017676659770885,95.93819052856239,0.44260607269752744,220.59197580968592,2586,1
DEF-0352,1,55.74180816852421,60.50678355773276,73.76448991841464,3.130838894653841,195.88243655181313,5674,29
DEF-0198,1,58.96676434778288,52.06594142202455,87.98597844963734,2.3726208975226317,190.15400194843116,12052,35
DEF-0089,1,67.2966246423314,71.94939136109161,80.93378282802432,2.3294342984758685,195.79766702865362,6604,48
NRM-0443,0,48.958584001204905,52.647454234443046,105.20925305159881,0.5604153697543203,222.95598793453092,9940,2
DEF-0401,1,75.35249334723753,56.01428637796716,90.5531220627952,2.812475124959389,207.26951672971785,19114,20
NRM-0159,0,50.71251911288083,53.21689077902267,101.80323945717898,0.32730127900701317,219.93759302212183,8184,4
DEF-0043,1,61.654987641590516,58.40322461092611,86.93075241783617,2.7168493989938107,206.22403303005282,17991,9
NRM-0162,0,55.88772362384793,43.93710686005716,97.39568167424572,0.18384983653811168,219.87779617249726,7264,1
NRM-0345,0,53.25111196703472,48.973001914726055,104.86811124713924,0.39928607621845646,219.69877197074013,704,3
NRM-0342,0,48.00088529656911,47.67925167502467,98.30280174101095,0.34989407636923525,219.9980932574936,458,1
NRM-0083,0,51.41473092253742,41.02221466029559,102.12196968930506,0.7559037339520318,215.56636232129188,1466,3
DEF-0299,1,49.51237077876721,64.032820883405,93.0907427681927,2.3518678168201013,187.03598600323758,17728,33
NRM-0426,0,44.578781231941456,45.61366080819136,99.25526352550139,0.6017315608559682,220.1131603786109,3340,2
DEF-0260,1,65.9990554390241,60.72980804856575,83.03519483253801,2.2231324662620735,198.64234956236467,18272,40
DEF-0013,1,74.61173766418355,56.089760868500804,96.35914604686401,3.198164078392414,206.43612991478645,9636,40
DEF-0313,1,76.71245789321543,62.88419083937297,54.124175134308096,1.4864844227809189,195.22129693035166,5006,8
DEF-0433,1,68.3834666692159,65.48234616905442,80.6148406875568,1.444602244320986,193.98509681302173,10057,45
NRM-0280,0,33.62494683043272,40.91036453207267,106.04341005417652,0.4932470437204692,219.3217394581442,9220,4
DEF-0403,1,68.44897008249919,59.41685033799803,79.15368405546207,2.179152919900491,204.35331688096235,8554,6
NRM-0053,0,56.01119390207837,50.90245438986481,111.39200993264613,0.6314729926779142,217.45918251204114,2757,2
DEF-0362,1,74.03449036091101,60.30304417837466,96.57573870192604,1.6746263904531515,201.21591718607178,14784,35
DEF-0101,1,55.634859825032635,66.02485323650374,100.08637528342639,1.9961026835033744,194.0826542320177,9146,33
DEF-0241,1,61.39806405390053,70.644732778728,100.3301703552814,2.797996567832,202.9956116757469,17950,48
NRM-0225,0,58.644399436983434,43.29700646545069,102.50071516556942,0.22861288606008492,220.4463061094954,8491,2
DEF-0337,1,71.33361314843653,63.17709015104613,71.41112407719791,2.5479461042130627,196.38688468979095,18364,23
NRM-0270,0,50.13480578093176,46.78479948108905,91.48759099146706,0.503697214131286,220.244479503697,9704,3
NRM-0487,0,58.68471471509651,49.52091123487353,94.96369704639929,0.8617722755785889,221.12153869803032,6231,2
DEF-0214,1,52.61837225194433,60.12426169122322,79.76948425201029,1.5604080940054892,187.31774129754885,7496,15
DEF-0327,1,84.3638930256891,58.89086609371854,100.11601862241478,2.9291130978275675,196.53468853679774,8802,22
DEF-0108,1,51.60371501806209,60.74445113826112,74.0961258908082,1.6056438749064397,188.1864819823001,5951,23
NRM-0321,0,45.42396793848289,46.54984330492353,102.60922554806058,0.5511035513282749,220.00868173009906,9994,4
DEF-0478,1,78.49325062945844,68.30720506864198,87.79049404117472,2.073871221992993,191.16289499964162,8968,19
DEF-0398,1,70.41056763492638,59.232578605220716,110.80886116578894,3.417299133249542,189.0726882320245,16666,33
DEF-0185,1,65.91805774580673,56.33657904371191,97.58140719937226,2.9799953663398697,190.94963457895255,11812,36
DEF-0200,1,78.97414703060372,59.624279165949915,81.31555117208744,2.5509507149212927,197.35980666623306,12285,25
DEF-0494,1,62.298400076173365,62.969633672113225,73.43383083732623,3.239176366867523,192.48862412746058,12545,25
DEF-0021,1,58.10805789535755,67.0139715546805,68.97223405811579,2.9694856750402163,205.9522781290499,11287,37
NRM-0272,0,46.383274156282674,48.31390943010481,104.9132845363617,0.39130544823409297,222.26362032243085,7827,0
NRM-0003,0,51.106430608652666,47.1478150010174,102.16694307866948,0.06713802643043205,219.34280112381688,6945,0
DEF-0176,1,70.43600154594432,58.14692833956947,101.57548065972517,0.2211659034959395,200.74382850186052,18125,21
NRM-0295,0,51.62344290817542,46.55696396320465,93.0884869543162,0.23274318228300575,222.024876873659,7211,2
NRM-0109,0,48.032350720151356,38.27675486265287,101.05800190294254,0.5182201733212245,223.61306934291866,482,0
DEF-0414,1,73.53386443329083,58.05585573345713,104.9899456685963,2.3103384072915376,200.27333289384381,5679,40
DEF-0044,1,51.73168233864103,69.21857898875923,79.03887895155519,1.476064213389496,193.81304019396666,15457,30
NRM-0093,0,43.154317313252676,47.80118519744229,95.94808152787508,0.6495404230263293,221.89741383498614,8565,3
NRM-0306,0,59.68777150981169,31.70761784072894,99.16304330397278,0.22711278555156142,219.22925999869818,478,1
DEF-0237,1,55.743791502256336,62.279438860408035,122.47503517351626,1.9851854156958855,199.6392006404062,10607,6
NRM-0050,0,42.1114895418357,47.35571874881045,98.38040091726535,0.7659993675093314,221.35902450815883,3612,3
NRM-0441,0,45.81954164890187,37.94600153186472,101.82054272121334,0.06310145298963821,220.54705754228354,8039,2
DEF-0026,1,74.64810582328435,54.67584423568497,91.63067699441078,2.5846109176222085,199.60333357856535,17915,15
DEF-0314,1,63.45534481132024,62.15286336047025,54.757075395122015,2.7675993614224943,197.1821256474654,16120,42
NRM-0473,0,48.0300665937844,42.6242606638026,105.86755429179678,0.6528792026554061,218.25095241461787,4875,2
DEF-0097,1,69.02034480046922,65.18769972128949,82.3497540171788,2.284100051765303,190.10618142108845,8228,12
NRM-0288,0,57.86706073762923,47.790683615132245,99.47104806074144,0.49188562543796965,213.90444537521282,6059,3
NRM-0023,0,47.256254332925906,44.446673157213354,95.51678886342395,0.6683967390904254,219.2615855991051,9217,1
DEF-0184,1,49.55535506393532,62.51714541300939,58.17666087916774,2.7343948219615646,189.67218137567488,10757,49
DEF-0029,1,61.16676693734097,66.7158410614839,78.9817852507871,1.732084294308875,200.52464109225073,15927,16
DEF-0051,1,81.88017032368914,66.38832447894212,81.12642916746255,2.93767790493603,193.98903673783053,17324,16
DEF-0064,1,51.797667929793576,69.15729382927177,107.69160181081931,2.1246594783162362,186.43432735454562,8925,31
DEF-0178,1,60.32298798688109,61.73251940865358,89.29619131681224,2.881632661778497,195.38410945530129,10897,16
DEF-0322,1,68.2439997178791,58.21044454809419,99.46584777032258,1.976735992148544,190.48956867074128,14429,28
NRM-0496,0,35.83840840765373,50.797981446877486,89.30442937784575,0.4708125127773397,222.65523090321062,8735,0
DEF-0452,1,54.68265420203489,65.5668025297197,90.52690004891605,1.612802645431261,186.24315021716072,17626,29
DEF-0246,1,78.26809420041991,61.23513321802557,98.08698154774208,2.7733033754952916,190.72244321010874,15047,46
NRM-0448,0,42.646695215314416,49.028142533518505,106.51172361697827,0.3222079347924752,222.76527829120732,2766,2
NRM-0393,0,53.298249990411854,44.938862073900374,107.93663827055109,0.6914467615497372,218.83422655724792,8433,4
NRM-0349,0,50.1992116109409,30.57922782118833,100.42100504169686,0.7522927969732366,218.15338779629894,8880,2
NRM-0076,0,50.87643389466962,38.31637280562035,97.94088315518171,0.5263855933543914,219.09090456251312,1789,0
DEF-0421,1,65.09038186512308,57.626511151814704,105.49677773099761,3.6580695396099427,195.5308748487325,5086,21
NRM-0297,0,58.9755422417197,38.029128241265425,97.02563319416879,0.4555780076134828,219.2506920643767,8520,1
NRM-0341,0,61.316164195427675,46.26187104766804,102.23931663799641,0.43222501091020293,220.37998172140834,8171,4
NRM-0239,0,52.48307691483678,51.733217157172405,93.69394074073846,0.894562150943618,220.83035320464614,2531,3
NRM-0388,0,46.5697512148241,41.91393876676019,100.53528726496148,0.4309706237723946,221.37586594410286,2668,4
DEF-0023,1,58.17698436079728,57.31919949910489,106.44793284742323,2.842410272791542,182.65150567466202,16111,5
DEF-0487,1,63.33778515289849,60.49033769769472,109.43807672794522,1.9249340899130156,198.7250265643864,15378,28
DEF-0324,1,49.75478713380826,61.20462498644734,93.98829447089,3.915293360210629,193.19118465581593,14168,24
DEF-0347,1,64.69828333370866,55.0188397188874,89.07685089179927,3.516559668073753,198.1540792457231,9968,11
DEF-0197,1,55.15727624707496,60.89947075576739,110.880034295169,3.2346532848018508,187.1474969818841,14873,6
DEF-0156,1,49.74474829075261,56.540459650593775,89.31620975466754,2.6946715594581536,193.79381971071834,6980,39
NRM-0018,0,49.0286543401074,41.22104249920819,105.24353563208281,0.831081422617659,219.0328770323069,1720,4
NRM-0404,0,44.721802551007016,43.23157120216497,93.83784380418,0.6904923941072338,223.37837786730336,6607,2
DEF-0146,1,71.81891489626311,69.23353662868017,98.75892277988946,2.2125663273703524,197.95327415346154,19688,45
DEF-0069,1,80.51262854732971,70.30373962440993,116.33011263664807,2.3008286812167413,199.85785475477178,9719,27
DEF-0289,1,79.11709375931456,57.97187504393967,88.98913146422709,2.9326953779850773,199.42375527381657,15523,24
DEF-0418,1,72.90371896051711,61.70025647284445,98.55919495829296,3.2745477284262887,193.34345808408338,5195,16
NRM-0126,0,45.329261434460776,48.06979204135407,106.2715676646932,0.45984100062627514,217.9787576584212,8420,4
NRM-0370,0,44.387070305248784,44.08704061109477,103.64003923917014,0.6326856238642193,221.95026904248658,932,1
DEF-0072,1,74.81547376730082,61.65350278531966,89.77922612047595,3.137124343757061,193.59307446724458,15785,10
DEF-0115,1,55.59586225432098,58.62095217199004,74.13703122849986,2.01725099607779,193.7143886437639,9425,11
NRM-0156,0,42.06949170589019,41.6851060995539,102.07576992174356,0.36758404233320613,218.81776652523058,7047,4
DEF-0015,1,73.92629471506162,52.58787876570543,86.56728725641476,3.2701130319997618,193.95153781581502,6663,32
NRM-0314,0,46.656241432112274,43.87688538204261,95.6127262999845,0.01909009482992203,220.62530198241464,3722,4
DEF-0052,1,80.52859775839326,57.802410622628614,83.88126970843057,2.709298444777973,195.06073254536614,19191,29
NRM-0254,0,57.20972502900945,42.43812879661653,100.27931969922248,0.43807005720238784,222.29205515002684,6925,4
NRM-0203,0,44.399082806563975,43.08886380716924,96.59752028162497,0.35093530325858185,218.64053354479924,424,1
DEF-0386,1,49.11535459582442,63.96467426746553,104.55590084770277,3.14269203905693,195.16663962832902,14944,40
NRM-0051,0,55.483532151700636,55.430235247685566,94.92620253407074,0.42770744666120286,220.8328920762029,2135,1
DEF-0388,1,67.30070759191402,62.48871544545697,99.98886378081691,2.8372692884915645,199.19470250234806,7524,13
NRM-0063,0,53.447157852575664,40.722163817883605,94.86031619463331,0.8977536047829092,220.66823729926,5763,0
NRM-0178,0,50.59799339108724,41.822884465821225,108.42174258062491,0.7000043430185645,223.39486436267353,935,1
NRM-0058,0,52.14158346187619,45.38578248108858,97.03094295965647,0.46687371793647353,220.1571540594383,2481,2
DEF-0030,1,87.73345158017482,60.73487325228608,98.094138023755,1.3013634901024553,194.94278276265135,10895,31
DEF-0160,1,68.65506734826693,52.10138464644102,81.391657764973,2.1284871387090094,188.3677260277327,7433,28
DEF-0116,1,71.88838247032784,62.33391275132431,110.51055382082991,3.2666030609220567,196.13630704567285,8594,46
NRM-0244,0,47.759830702831444,39.97651450172863,105.15328897993733,0.36962757319320816,217.66550288101104,5660,0
DEF-0282,1,65.69779213498798,65.21009741581469,83.14442496206405,2.2584923958475587,196.21816250003687,14890,38
DEF-0218,1,60.658898205040195,57.2811028338833,91.30972461012846,2.9373532846170503,195.6161513645733,19588,37
NRM-0432,0,58.07997031281614,49.13014395853391,113.81262620394793,0.18927751408491908,218.9879305910618,8028,0
NRM-0287,0,55.78776595837656,44.208472609951684,99.08073053420395,0.3308653791011774,219.97180206818666,595,4
DEF-0047,1,66.4818173137915,63.23581348393522,91.89142241736043,0.9820984140090737,201.40270380838732,7427,37
DEF-0106,1,38.03113357058428,59.72852566741094,86.53598204686983,3.0569650918507345,204.24478047472672,15395,25
NRM-0081,0,43.439087612361085,45.22611354499991,100.25598950940542,0.3996431614376936,217.2550689042318,4758,2
DEF-0056,1,61.90907490803078,64.01906525688129,99.20762012213137,3.5863046304799906,192.8334829654872,16185,31
NRM-0334,0,60.26420806539936,48.22145763130627,103.28347129832214,0.773173067037198,223.26146990927273,4747,2
DEF-0461,1,72.55925191643794,60.82159165950506,88.40371679995518,1.3894522318606346,198.18204773210357,14133,47
DEF-0468,1,80.12016000005723,59.420539693194335,73.80241269317222,1.5991264729382269,194.19631279344068,7782,35
DEF-0269,1,71.50190380730754,59.384108925949754,106.78894417162894,1.8259040628878158,200.01525654830593,13174,44
DEF-0188,1,70.05939836533724,64.95176705518753,62.23589463157098,3.254771073492294,196.71213882610638,5574,13
DEF-0293,1,56.360487785791946,54.00947968367891,70.902603461362,3.490905638432897,195.57355309081984,7479,34
NRM-0476,0,55.7003392324758,40.8145493319248,99.70639786447686,0.5893073013881424,220.39922083680557,6412,2
NRM-0111,0,55.28684152689112,43.8952886924762,95.35928680860475,0.5145449254806574,220.37459109964644,7047,2
DEF-0300,1,87.96443076805188,57.466947466501914,52.238503464037066,1.340047856386998,207.42233684320718,9796,42
NRM-0470,0,53.429289093042094,34.231347131042696,102.23490858504925,0.37228283497099396,223.30661927435705,8115,2
NRM-0340,0,46.03936786807332,48.369824294761514,108.46199001194056,0.5529130525068722,218.9937915511572,9312,4
DEF-0039,1,65.81874139386322,57.92734097305054,91.20298068811222,1.7855037810966214,193.32591376302634,19599,48
DEF-0151,1,61.01107507746449,57.22226633593289,97.37689583099419,2.892335657362213,191.98109880468965,19736,14
DEF-0093,1,61.01626609823052,48.368241432501115,112.6620482717179,1.0112720953162828,199.98470034139203,16246,6
DEF-0008,1,51.53321902638654,55.59704366976447,73.0417154297765,2.6075431061024177,197.9106139735652,18986,39
DEF-0071,1,47.41260513576886,64.43031780123077,87.94383268437221,2.6601075353387382,184.14567085934794,14550,34
DEF-0062,1,56.244382119680395,58.82575833205346,75.19156188490612,2.1070691770004344,188.95438805219507,12483,32
DEF-0346,1,68.82254939144919,55.98011463179632,123.61701853531096,2.1717748512232022,182.873928610637,14215,45
NRM-0075,0,52.87516517554509,50.27772301065988,113.75361515268665,0.39699834472886164,219.35528289830953,6570,1
DEF-0309,1,72.61803778086784,62.793848922803136,103.7631780999618,0.5380744612541902,202.7898442457646,12980,19
NRM-0485,0,51.90129713037961,40.82155497489982,105.4861009580322,0.6734374825655478,219.00529125717182,429,3
NRM-0379,0,47.904610470281774,43.19211344278303,97.47640294906442,0.4685926618814741,223.70682159579965,901,2
DEF-0140,1,88.09722755406187,56.680515432266674,107.50654371575455,3.7968868462301724,187.1501983117133,17513,30
DEF-0357,1,52.7351791019151,69.4118092925674,101.7946906482067,3.3221421398408255,195.6555104534296,9402,13
NRM-0452,0,44.93961278635115,55.47824108735225,102.65741191103295,0.28344301034616665,220.3563648921157,6863,2
DEF-0169,1,64.75895121847499,68.42824150709582,83.0955683370923,3.8857722019885186,200.37541410517983,6560,49
NRM-0343,0,55.53728465334476,38.88911967424494,102.09855410179338,0.49215270526025123,216.49042251575523,3908,0
NRM-0080,0,53.10373777639712,50.200942823963764,92.97999351809452,1.0290073580830317,218.20501687366558,3886,2
NRM-0038,0,55.97610335760857,47.39101130950879,99.68945335039908,0.7457678590145107,221.37880987356053,1509,0
DEF-0274,1,62.42459779938251,56.35272651945131,77.83180179216677,3.247447796736985,200.24827088930172,13078,44
NRM-0163,0,47.23970999111299,38.823597526168626,94.38923381059502,0.44473607297471046,218.36792420921145,8634,3
DEF-0149,1,68.43109082951759,63.262673468797395,61.611810220440546,2.273512799011797,190.58986329396285,9543,28
DEF-0256,1,66.89847836212464,62.88379033096536,117.92708675504447,1.6386478646198959,193.251939066111,6733,18
DEF-0004,1,69.17011109663176,64.16230928560579,85.59901280462007,2.476129144512201,195.4756289215857,15233,13
DEF-0046,1,65.01813611194676,63.77967640895826,119.00313944144987,2.8310998698006458,197.8388418387881,19593,32
NRM-0243,0,40.333549641672136,48.443040268450154,99.60351671235777,0.4042027905848769,224.58642201139864,9973,0
NRM-0267,0,56.36285081464285,48.94392491563651,101.31540400856112,0.3075602101356671,220.65067859195,1528,2
NRM-0100,0,45.07098095666087,43.57922451035601,105.9738143093847,0.6789294375147744,217.25428109703788,1705,2
DEF-0105,1,52.049212279363836,52.48617491184698,86.08897252662271,1.5996647938024888,194.25481666635235,17951,29
DEF-0177,1,47.602862212219,61.87140027788653,88.69732834304712,3.1458344998488674,188.77116970450152,15238,5
NRM-0259,0,56.94512181481381,48.97128339081035,107.33412208202384,0.6378006288082814,218.9628967855778,4969,1
DEF-0167,1,80.23684199440605,61.96631575691839,100.22167620535929,2.036429380743944,200.44504990892386,13442,11
NRM-0131,0,51.09173216698949,54.44997448660258,103.41067983372791,0.5375863304542298,221.3446023951733,3261,1
DEF-0419,1,58.8776326549225,60.4980287826072,65.10366621782906,0.7841578379598096,197.664166503984,16582,28
DEF-0384,1,61.41390680542458,55.87970579230494,100.58047815342677,1.8990991544588434,189.14165070966354,13463,35
DEF-0036,1,69.49774038488734,68.89462171942981,79.99584937565231,1.1465453949997575,198.2839866558199,11971,11
DEF-0376,1,67.13903868201481,59.05293164509225,66.89628551953385,4.086708987881369,197.74615398250825,15521,23
NRM-0192,0,50.22745738165376,47.791682116058524,109.28323718280977,0.40364680578130496,220.64891720870503,9396,3
NRM-0387,0,49.56841827277533,39.98708205127976,99.78575972202306,0.5372921750271319,219.5243587647878,9525,0
DEF-0163,1,69.78872163931835,55.165119284353935,89.2843296578703,2.497117968727545,189.2081765540373,18397,32
DEF-0049,1,58.77300480179406,64.42495233593333,83.03205377032548,2.0022102680749767,193.2225567954182,12668,49
DEF-0019,1,64.73486124550783,57.791169883869934,88.73752372228233,3.4896128583491692,187.86760557637223,18949,6
DEF-0084,1,69.96578158964799,59.028743058829825,86.906415615662,0.677639665751554,198.98742102239157,10966,10
NRM-0274,0,52.59435590220061,47.47902510513786,100.0080951567847,0.5829545781577582,223.2086782166172,6443,1
NRM-0221,0,52.09668234886982,51.01768290953346,101.71616899200038,0.47686115877829266,222.27922588114689,329,4
DEF-0407,1,48.76444761976867,65.62176679935251,84.98884153530089,2.9516847407148803,189.90167830653942,13367,42
NRM-0465,0,47.394323021034744,43.78716908984428,101.15956591281224,0.3931608145562176,213.87108626248354,4280,3
NRM-0056,0,48.129098620049085,44.22217152739082,103.83098004587053,0.7020827652501311,222.44742068133857,9390,0
NRM-0363,0,53.2952717195671,46.384972602135626,106.78670233373087,0.6645434749000878,222.44876334023513,155,4
NRM-0167,0,51.11936905133297,50.65575639143089,100.51477208494455,0.7133437660108654,219.3561737177398,6259,3
NRM-0434,0,55.83582008737189,40.871522865496715,90.06012166596197,0.11933590459393592,218.3826769920886,356,0
DEF-0371,1,57.50188592833541,62.81158310311629,96.25895171787279,3.4101649621718226,196.74797499680147,8619,41
NRM-0406,0,47.54021547565259,51.640284444934835,95.1361774162,0.5813244068445348,219.65474173141834,4884,0
DEF-0230,1,72.32345054421646,53.80852155811977,96.64209571531373,3.4647414460932704,193.4645255764445,19889,17
NRM-0017,0,52.86195155587838,43.36088236828652,98.30753017853851,0.7992204466851119,219.04802279522727,817,1
NRM-0453,0,44.23266002674345,40.12226736046467,103.48795367811958,0.4443848655903373,217.42354268895502,4708,2
NRM-0190,0,50.5526765873697,41.868423619084965,102.4703195948776,-0.07092533258087824,218.2862962697444,4152,2
NRM-0181,0,58.659497336815015,53.095046436436505,99.22692929226547,0.6582059719915806,220.8227917543167,9045,3
DEF-0236,1,71.07131100783619,66.55579443159053,71.21116481451757,2.098030010471507,196.40589781134727,14805,45
DEF-0136,1,65.82283989275425,65.32740187532676,82.24067324849442,3.627477952148464,206.49449061809625,8511,48
NRM-0313,0,51.404816605825495,43.89478768231475,100.34684901329035,0.5385193837462611,224.784219270548,164,3
NRM-0014,0,40.24449067980687,45.7179396825258,90.91010387306423,0.6519424590968337,219.811082571116,908,2
DEF-0370,1,64.0776579536672,62.00912927017001,96.1148438043742,2.9230144846332586,189.71264403902094,12594,43
DEF-0342,1,61.72105283487082,60.77595341929489,102.37647397001452,1.8062958274312797,191.7094175546237,7624,47
NRM-0082,0,47.01288317428386,50.38950869726663,97.22972353293608,0.8198313369057229,222.40202952234378,3038,3
DEF-0328,1,86.10354367820395,54.15727842671696,109.21101687840591,2.805471248672787,195.81530533714707,6863,49
DEF-0383,1,73.20555419006372,51.37096635604701,79.83653021496518,3.455287522437898,190.0941723443016,18722,18
DEF-0436,1,54.2212818862281,56.55641166788543,71.18551705596373,1.3232729942499213,194.06614042902353,10626,15
NRM-0308,0,56.92894711179904,45.93957355595958,96.35112358412819,0.5029638463125926,217.98766617516975,1923,4
DEF-0202,1,62.2467677649457,63.75687993537973,101.20747836389371,1.9393346569071315,199.01450809072844,12227,43
DEF-0333,1,69.85962282927271,56.90381767510279,94.69678244620896,3.7316854784012117,191.5192382051844,12427,34
NRM-0357,0,53.27215513552811,49.386752533698484,99.01609525561508,0.5619675186399845,221.32220555536236,9877,1
DEF-0181,1,74.70298887260061,60.86954020828252,106.34155064040651,2.0868408466225477,195.22121927111885,15573,6
DEF-0326,1,45.75188322037334,59.606911807292576,138.8197093973119,1.5044332801297329,185.92563477812888,6946,15
NRM-0446,0,55.51608786026829,52.209712009763,101.09481957927987,0.33163567362636953,215.12937533643424,1398,0
DEF-0356,1,46.12175160749647,56.374334532418196,108.6608084379328,1.8413126363372616,198.14357930400152,11155,20
NRM-0137,0,48.42451633483945,46.59762335391478,108.26808634246143,0.5279774465678255,221.99223642982227,8144,0
NRM-0086,0,43.015329542660204,46.693491844195925,106.02337219996852,0.37518025753485795,216.75721168775567,4440,4
DEF-0420,1,58.31929347902229,65.0276761298728,72.8169267300162,1.4093019002230733,198.53818211854244,19432,25
DEF-0107,1,76.26565029547757,62.226994122058706,90.21317833224296,4.32132130111907,186.85348694722873,13533,32
DEF-0175,1,78.80091354147451,62.00812752745737,79.71584578377288,2.7590401020847564,193.54255010503255,16244,45
DEF-0139,1,67.3421473253652,56.75724071970315,102.0278599806025,2.719204628068457,195.2515326137766,12486,28
DEF-0405,1,49.634763850562166,62.757381376197614,95.10883824600745,2.8125567367425153,188.3676393584446,13801,34
DEF-0411,1,71.97776901011213,62.30164936589907,69.75676727738445,1.1249992857102682,201.37494559650023,6526,14
DEF-0158,1,68.42725346377703,62.28376609576892,98.54650920348305,2.858166848013852,198.2136137993377,5959,48
DEF-0125,1,57.742561868465344,58.874970483148125,108.11388255645393,2.6843897716828025,197.16154365595386,14442,38
DEF-0055,1,71.67056103469791,59.93876613576543,76.54118442771252,2.560643646554981,191.61419144243945,14348,39
NRM-0074,0,45.704862305656455,49.06774019985275,91.67553789935526,0.7840353925386747,219.31223561037467,8631,3
DEF-0488,1,70.05404273430997,60.979226235053424,100.42531042632335,1.3302202082481263,189.1386977355425,17225,42
NRM-0079,0,59.15196928064083,52.65097599431676,103.3246358115087,0.31508717712438006,216.80480166080915,3440,4
NRM-0410,0,47.610738019824126,39.3863168731566,109.87867934036322,0.2832529260119667,220.01392844688388,1444,3
DEF-0459,1,60.36832386927209,62.19331103175542,92.0170926309437,2.6716539226988116,199.84511686809395,14136,42
DEF-0484,1,49.468679466311706,58.49251318239563,93.73768007570845,1.7852054128899133,190.92702603414781,14536,47
NRM-0198,0,53.60546398243048,43.359423334157285,98.31174635203426,0.4299109031527567,218.85010008922626,3482,3
NRM-0394,0,53.246377882656056,43.219566878399455,102.26811479998545,0.3481494304342825,220.6383203550178,8023,2
DEF-0374,1,79.19603004513637,56.99788217130647,62.00190072959076,3.306010951869538,191.57685087119998,15195,31
NRM-0011,0,51.406107757382294,40.615347746081724,94.42608047641743,0.048773538501411084,218.6736131032493,5344,0
NRM-0460,0,52.14556732564556,48.98023787042875,97.32702250673813,0.34556830596370297,220.95273231293868,6207,4
DEF-0290,1,65.38865562048564,60.77157915816793,120.62618865844279,3.2538497682142946,205.99763315580668,12155,18
DEF-0495,1,60.07244788805921,66.11541533547663,86.11718399445253,2.782003974685504,192.1482431679316,16744,42
DEF-0457,1,65.03695671847848,60.47578261341232,78.77180798068893,3.1002295280647583,197.99615973556485,11336,19
NRM-0427,0,44.39593946555512,42.11699111628514,96.31020721837491,0.15670336465111076,217.25671071209223,1885,1
NRM-0365,0,45.408939167451045,41.75563500316158,104.1591381107265,0.34245196782087384,218.52400410010776,656,3
NRM-0005,0,49.67666235004804,52.47125623128166,102.18167594207755,0.35709709351885227,221.79394887724095,1115,2
DEF-0321,1,60.27909422302873,60.30557804683694,97.4092780799058,3.2691373482940342,185.8763797654963,14495,39
NRM-0418,0,53.35698685670643,50.8939816389276,112.7173132982862,0.2987548304367048,220.26125481755003,873,4
DEF-0183,1,59.632614597584904,60.95468875386658,76.58155151379324,1.795114280378831,203.07979251669371,7289,28
NRM-0151,0,51.79651290042877,49.11597051346443,103.41595455182656,0.5310599682964879,216.33121738743884,1272,0
NRM-0324,0,52.544952604277704,45.459354667901,101.48902940985158,0.9205204869792541,219.8721030146387,3008,0
NRM-0382,0,50.51429288966167,45.746709555299404,92.94471584466959,0.6606309485228044,220.479255036478,4763,0
NRM-0317,0,49.292351813310766,45.28558920275587,101.42412639311819,0.38891104142699967,220.04373148436446,4762,1
DEF-0474,1,62.832449835138284,61.148555084011484,89.541314707448,3.4384260270605655,199.2355915948982,19943,42
DEF-0068,1,56.72106921084287,58.480677822845365,93.63500529124669,4.13791913690419,195.57430734106947,9363,5
DEF-0396,1,61.334989444878985,53.599373465334054,88.31628799572512,3.062363033525494,196.32322002560645,5887,37
DEF-0308,1,65.5557555999816,72.73416640724322,85.48117147009798,2.2461235258171133,201.657394036989,6628,42
DEF-0287,1,67.2006963296672,61.411038214449675,101.19840143521604,2.196536064129337,189.30666030764544,11701,42
DEF-0351,1,57.38592456715195,58.356907621255075,99.04781146623515,2.064708798308646,194.18603546963854,9213,14
NRM-0085,0,60.33953169081776,52.48715841589813,109.28851171768866,0.4793137551419432,217.5218945949467,5114,2
NRM-0456,0,49.841144136016226,55.189287751183485,98.62226510802137,0.39308504759529794,220.6922275736025,7134,3
DEF-0476,1,57.82081109252398,58.84737687409874,107.69587812541066,2.6552861047626863,192.343928526962,8416,45
NRM-0228,0,50.6202255921336,41.87057734549258,100.47867916933282,0.38133502207401315,218.92307707875491,5292,0
NRM-0490,0,58.431817388709604,41.81288043559636,106.89208394007953,0.4664388910507067,216.86304886783728,5976,4
NRM-0469,0,59.803719766990575,37.765493545958215,106.29354729099134,0.33943939733017214,216.90083787170968,3182,0
DEF-0148,1,64.58378506707486,62.78028323914428,81.87151313417178,3.0111128367494184,202.83653933319476,14739,43
NRM-0191,0,44.369730195444745,40.99621223636891,93.67787540191219,0.6047554423117357,222.46112085773842,6454,1
NRM-0415,0,46.90913418826368,45.38381475165361,93.07788422820782,0.5367598745986859,219.17122041606953,8383,4
NRM-0047,0,42.055907623398895,43.34939953016775,98.94166509034412,0.37445321878309884,219.42392225215585,7854,2
DEF-0443,1,67.85344840443251,64.71284274268095,102.90684072633306,4.1619039964729945,202.1064149147625,16441,16
NRM-0328,0,56.51532490166221,42.41696907363219,93.30258422344664,0.49403663666623443,218.20605539180175,9135,4
NRM-0127,0,58.80494792612676,51.57075905673893,97.7919738828949,0.37557443254865713,218.89262451594067,6778,1
DEF-0334,1,86.09444594642459,63.92300159218354,115.87675998387859,3.037648415275014,196.95306588864682,10776,38
DEF-0250,1,82.26963851233405,58.00181907192699,93.37027088627829,3.2460726654984717,187.90817133533483,7023,43
NRM-0019,0,46.9391654142259,44.40368763204876,101.36796908169725,0.3190216147904267,218.06378342334176,6501,3
NRM-0439,0,48.467164775605006,40.09337031741268,92.97591528036247,0.5214415924080267,219.36230728901054,9380,0
NRM-0412,0,46.77829866489008,31.304298969312637,105.9307273702115,0.8080647959639772,218.89364550930546,3103,0
DEF-0226,1,73.77078769350588,63.3678257159335,115.71790602290598,1.6524915649526877,196.90179265191958,16221,18
NRM-0444,0,65.49149717035628,43.70912430984283,102.55062180625038,0.3701270360772238,220.5904651500812,767,0
DEF-0441,1,50.337921691038346,60.95317795632512,104.11965871151226,1.6739808771779683,196.98963524973405,14897,17
DEF-0364,1,65.3786191500895,62.92286313974784,90.0570461418478,1.1989445168307327,192.35031115268757,16837,26
DEF-0424,1,65.98462817074203,65.60368722408326,79.85543692925062,3.270595989909235,184.6933727202943,9733,47
DEF-0429,1,65.0337550659716,62.74439421909478,123.28801907942668,2.7014694004988953,190.41557654140718,9927,33
DEF-0057,1,67.03822727527466,57.644808471908384,93.48074906036454,1.3415325268021407,187.96268112811723,13691,21
NRM-0492,0,45.292627237972255,34.55214881415094,106.58427829809949,0.45471665373094766,220.09932066763315,1440,0
NRM-0447,0,53.42081604304477,45.10008984149615,110.00096091761087,0.6107136543527247,220.9015140234247,4965,1
DEF-0404,1,76.89911397241168,65.06837870271931,66.37530795850464,3.2408499022495727,198.27800713774755,17700,8
NRM-0123,0,48.36651893406818,40.08103041154589,104.95399044176104,0.48153172740162953,217.41842226769882,9843,3
DEF-0238,1,79.55618690081117,68.996357875095,101.18701876590606,2.9747433385548874,190.73131732657544,18070,21
NRM-0033,0,41.68686838874323,50.88603399026125,103.18676841437697,0.5920511727020252,222.6182887738352,9423,2
NRM-0252,0,54.63240937552608,46.1433151406836,108.64942699341722,0.20459702743711436,217.67228456448035,8888,3
NRM-0499,0,42.17688936332098,42.14687165859359,101.01797548467653,0.5925874809388819,220.26767716361454,4933,1
NRM-0206,0,56.97312694105588,39.77392818839645,98.01802239911773,0.4662069586674978,216.55764834942056,2681,2
DEF-0425,1,70.50986657571313,62.8630405395705,95.23035677635869,2.7508303738268123,190.59283195770962,13306,40
DEF-0303,1,67.68661426683772,57.82084829539244,91.03941090823335,2.2651689262739465,195.56567118839985,10002,17
NRM-0471,0,53.11543673944548,50.06722879941882,106.06184058950952,0.5188558587228559,217.9272702317358,4188,4
NRM-0135,0,47.11124745922912,41.38004834128695,99.02304824411488,0.40961012561762444,218.42132298856066,4923,4
DEF-0251,1,47.39191188019224,65.83274295488503,81.40503292513581,2.6448932081688485,190.82118932489544,7563,33
NRM-0153,0,53.844198379844485,43.164647970091636,96.47588914501009,0.9969939907173309,222.5052314392391,4711,1
NRM-0307,0,54.40433665347039,56.027647841327074,105.99668390464126,0.24818687481385074,221.5740331392818,1988,3
NRM-0281,0,55.83392496601604,46.991338860896626,101.07753511592054,0.5410029545741856,221.60110777617348,695,0
NRM-0390,0,45.35233461377501,45.361511813450655,101.49471393065657,0.5509934004045387,220.59131480169344,6751,3
NRM-0154,0,48.01402341927006,39.48865129772072,101.73780806901776,0.5173395398828793,220.71133789712647,5300,1
NRM-0401,0,51.29384902621961,47.52290907238695,103.13269181668471,0.2520875427839521,216.99425878263523,1606,4
NRM-0289,0,47.88082289050312,46.072672135146064,108.73777453811631,0.45647636396570374,219.66746221255923,3970,0
NRM-0036,0,56.193478845322,51.55577934056299,103.80710883698497,0.24800370431233681,219.27918002886028,6997,2
NRM-0368,0,56.99848069486174,46.83324906073647,100.17709945891217,0.4311754526874338,219.833566259532,6943,1
NRM-0022,0,56.051217502534385,43.65491726792589,97.04591450632097,0.6310081227563579,221.27132319350193,6056,1
DEF-0216,1,45.06069163731964,66.09168657792691,52.2744232119749,2.522562169217542,205.95953677372208,16421,28
NRM-0110,0,56.37695368999508,44.24142783211386,102.66679622352724,0.6678937009036809,222.4363894235085,3039,3
NRM-0132,0,52.5678421367669,54.33518554405614,97.82759643725177,0.1968579323197515,220.1447270219816,4251,0
NRM-0020,0,48.059510464502,38.05507431913771,96.54312751293033,0.7090269096768539,221.64661890420837,9648,3
DEF-0345,1,66.10889478887768,57.92770949114837,80.87120870990368,2.3651946952521055,195.99743971138707,8607,48
NRM-0420,0,53.93203105997908,42.20226857355266,85.8348485492863,0.7718378988328051,221.52101223916827,965,1
NRM-0416,0,50.472538265236956,39.758744181404744,98.84987346042998,0.6940202188025307,218.44692731091726,7841,1
DEF-0012,1,58.851242405826895,61.664462202444646,69.28924463591622,2.2753549667785973,194.70091368169165,10116,36
DEF-0164,1,70.2488877866395,68.90812545212684,76.85521998038728,2.53012818653435,193.65406934159304,19451,30
DEF-0017,1,59.93356780368476,69.72557807243393,87.69995313725789,1.7744102196760956,190.91322922438584,12994,36
DEF-0288,1,59.27702947215934,53.39496752067415,86.42582308950625,1.6890096068673088,194.51138473464542,15096,29
NRM-0143,0,53.10760924307945,44.37786338446791,97.15486318862403,0.3891324065373338,223.87997678295267,3328,3
DEF-0378,1,66.12515711588114,64.91576105459929,80.155359131546,1.8658445742511374,198.7305049343466,18869,32
DEF-0389,1,58.82746813453077,53.504416778494665,71.66682286990618,3.346565637555126,199.68780061102382,5174,49
NRM-0493,0,54.98350687119761,47.31131232227102,93.8371197269226,0.45936385267582386,218.45536431455434,287,4
DEF-0079,1,78.66874267444524,64.25701046189414,75.18096231305188,2.522896447654261,199.8431157815221,10870,49
DEF-0450,1,57.927066193640385,60.62682657882584,107.4209818114711,1.850994304690246,196.84300414560101,9460,31
NRM-0186,0,49.4313071340768,45.359320822291664,98.245576131855,0.2448407689400072,219.8572162633787,3655,1
NRM-0413,0,48.73024146801382,46.12208603972058,102.50895583888821,0.43203099163112696,218.2310143626786,1889,4
NRM-0304,0,47.89228892170341,42.768687566499345,104.77968737882182,0.5277305250945705,218.04724070295984,5293,3
DEF-0215,1,53.09351427821299,57.246364879556815,102.19791610279346,2.859208770735149,192.3474618853092,15382,26
NRM-0282,0,48.67197719856947,43.00060880665814,99.42679582246804,0.5528536543291274,219.6997660974924,3554,0
DEF-0373,1,65.66095559655773,57.2135984981865,68.14743195910016,5.296702231680079,187.68297020786656,9422,7
NRM-0188,0,48.46917071072245,48.67299064151498,103.38590843362523,0.5365058560794878,220.02175751640445,5111,0
DEF-0217,1,71.80657939531544,68.8710625206901,93.9039833755159,2.2108913862545294,192.74949433154887,12693,13
NRM-0048,0,55.34479767637569,45.45594136921891,97.1902687615245,0.7029290772878823,218.36456904853975,9143,4
DEF-0209,1,85.79945923690522,60.98083772789364,80.9716918319815,3.0050330266081344,187.21692014601598,13258,48
NRM-0250,0,58.88043640190032,42.696124931341735,96.15218809417438,0.6094605349553948,222.72816387493003,1890,2
DEF-0305,1,53.3455732977998,63.439316635935086,96.29498283897104,2.198403872666371,197.87889891333225,10443,34
NRM-0199,0,48.23777567111991,43.6366098420995,101.21505928504851,0.5157586036415692,220.3347249070234,9673,3
NRM-0097,0,49.203322876520986,42.63067564920235,98.17100163603249,0.5000373329269947,222.30121510118613,3439,4
DEF-0315,1,78.2634219798722,60.53580113891122,107.95036226481956,2.7174985302160137,200.7905542401215,18120,35
DEF-0286,1,59.05633627653794,59.03838043463818,82.45282122147627,3.655197332459637,196.71306199106945,12568,43
DEF-0009,1,73.87748459593357,55.80391238388681,85.36181436223178,2.765010745122851,199.8777256356118,8104,27
DEF-0492,1,65.852094496339,45.044320145496386,87.19655762757023,1.1956214050278877,201.02997258273408,16273,23
NRM-0425,0,53.72723641028466,46.66499740616433,99.01499259111829,0.5599032929021698,219.0995671711232,5408,2
NRM-0466,0,51.91824572459385,46.89490345261013,103.43583639270483,0.42390151288984457,219.12989653523618,3916,1
NRM-0229,0,54.96464884647764,37.242438754705354,103.31025917379236,0.7377193646174016,223.69872428277276,826,4
NRM-0428,0,47.322214601506026,41.21284612623605,94.09356596663586,0.5061072989990701,222.35851866922025,8052,3
NRM-0251,0,43.10598347707387,44.959433991941246,100.79044612661592,0.44449114873688966,222.58254767803174,910,3
DEF-0119,1,68.33643531450598,71.39239364094203,48.239936567969664,3.1957923521827305,200.28562466678156,6304,43
DEF-0416,1,69.65584016541032,66.71437106474706,95.94945006899032,1.448910833618098,190.991064236455,15327,8
DEF-0267,1,65.35147881424508,65.06033932351929,55.737782137764896,2.691446773456277,202.14662131356428,6633,10
DEF-0311,1,73.45601514466951,54.0318158412176,103.78731260415002,3.300465854434383,191.64689895461677,8259,48
NRM-0351,0,48.10772673211272,46.31951558609379,99.22225265685337,0.7000258671507963,224.87448515184843,156,3
NRM-0062,0,52.41347025808077,40.362439032372976,100.54260638036178,0.41643233517572936,218.01667911473268,7445,0
NRM-0041,0,46.334219014450014,45.55638384026638,100.76217383437093,0.7364468057876631,222.32139800719438,7797,2
DEF-0082,1,56.260258805149036,59.98352039836323,125.61494105238583,3.3116261541498386,192.79747720563236,11738,46
NRM-0332,0,45.36003125165751,48.80732882492218,103.5232704349967,0.570284954988397,219.96099094291827,4707,1
NRM-0197,0,48.8114447892706,43.095017970333046,102.73136804778832,0.34992779429163784,217.50747197213113,9319,3
NRM-0187,0,53.62298498221232,44.2004198858228,104.68252058365243,0.15837612107837404,225.2753897759278,6338,0
NRM-0008,0,55.159339912674156,51.72901633681435,103.68626266471598,0.2816777610743584,218.7263471005533,1173,0
NRM-0012,0,47.490141463176535,43.68372584868185,98.90288037038246,0.48221605989624755,219.022624739698,4366,4
DEF-0280,1,58.965777012402775,61.38531375218756,82.14005139816966,1.4942309801139702,197.41886370475922,5645,23
DEF-0471,1,61.479443922880634,63.734617345355296,119.34627379782677,3.3725788689198675,201.4525770943528,5226,22
DEF-0340,1,75.6020990749888,73.7983001945554,95.88623950768151,2.092829099434001,194.87212843904004,17237,38
NRM-0325,0,48.2342298102721,41.06622436448886,103.34561995514649,0.3857260481424531,218.91504890012035,6322,0
NRM-0316,0,53.66414540910873,38.62883940461602,105.24241325525296,0.5975549642168676,218.53153335605793,121,4
NRM-0230,0,44.71301071128051,48.14990420173767,95.65373822392041,0.4314069667686692,220.76616431408965,3070,0
DEF-0128,1,81.54978375736584,56.478604347050535,75.82963968695354,4.342329518178491,199.9286135841178,11960,21
DEF-0133,1,73.86517412569054,60.48060388470492,83.06587066942436,2.1524030180541476,193.4541393826568,18409,7
DEF-0440,1,52.68531251405791,66.53742094771673,73.51157624462785,2.2185406621302226,198.19634768928458,6812,30
DEF-0379,1,48.74964030753092,53.094451220426265,110.77723387818486,3.04172776965263,193.17318504613635,19208,7
DEF-0118,1,61.330268011196175,62.36198321419679,92.49622723144333,1.7192161533666663,194.90055135254605,9831,21
NRM-0285,0,49.9006947609605,52.13652682144608,97.90282623670724,0.6512976708632197,216.17187985882506,1321,4
NRM-0105,0,47.84437215212451,42.852674282494206,104.41523063850515,0.530604518745177,219.1936214668924,7137,1
DEF-0359,1,61.024701790445405,61.56034798897484,92.24897505095086,2.004052650076083,207.0368879196561,10243,27
DEF-0281,1,62.64584378086778,61.383545219524926,100.98210845227673,1.6122835963833941,190.80087376273917,18269,7
NRM-0064,0,42.11501758904502,40.98587778024579,99.63013568202811,0.48486687913483395,223.9450843535796,3722,1
DEF-0027,1,62.73277544450638,64.2699889324745,116.82890785988194,2.95351525662967,194.1774978291905,7200,33
NRM-0260,0,61.07772308102382,47.783679194179676,94.6251768613709,0.5249093604047709,218.40074035166592,6476,1
DEF-0320,1,46.98942265847261,57.286631001329894,78.18324372137641,2.0033219213991074,194.15928090707604,18291,25
NRM-0147,0,54.23966086676632,38.0853252484161,94.09548274214598,0.298605345639617,219.37456839996526,6373,3
NRM-0331,0,50.205625343209384,45.42259237907663,96.43207665046413,0.13584794443959675,218.58845303380926,7067,0
DEF-0354,1,79.11876518894528,57.24544408722573,64.55731398456618,2.2371720732298144,192.79015901372895,11091,31
NRM-0263,0,54.31455371479107,47.40130250702963,94.72446162259776,0.6645565561668005,218.07469797616204,1064,0
NRM-0067,0,55.891140464412814,47.797885307552335,95.93234825316883,0.47972434874715997,219.01445454351412,9416,1
NRM-0327,0,54.21353009349225,43.034481248310605,95.64394498825772,0.32215126222117973,220.3885228193585,4136,1
DEF-0182,1,61.78376863954037,57.74497484935036,92.23765890517403,2.117855883284635,191.8806490199494,10178,9
DEF-0053,1,74.30934083974078,63.40976485647482,85.34599865109816,2.7593330819907536,194.34928472816156,9946,20
DEF-0102,1,58.72581115622523,57.52305378534376,96.2825912080273,2.1885694466180055,188.82527803231292,11514,44
DEF-0221,1,64.31209153565122,61.209333507567706,75.45714165720031,3.080613458530426,192.70521557087713,7719,33
NRM-0318,0,40.318470968299984,35.18632737568559,94.92681812511643,0.3683113667975409,224.34589949872174,8917,3
NRM-0475,0,52.79668662263836,41.677814089473266,94.86441287890608,0.21292881680178385,218.8412923343247,7063,4
NRM-0098,0,53.910650007657296,41.04550309166223,96.10073526889181,0.7163969618499885,217.30084757689693,1274,4
NRM-0458,0,45.081621061867104,38.738397200665894,108.47739814691906,0.6408150875856317,219.5612267273412,3870,1
DEF-0225,1,78.48280065926399,56.33623185155002,79.47492134963886,2.8925089771381716,189.86048617143152,9517,43
NRM-0070,0,43.536873264238686,42.339157184364055,96.96322783393894,0.48455579095539086,220.85168731725966,6848,1
DEF-0180,1,79.04543374010876,51.9722829667946,97.55723543384333,0.7768966042307415,198.53605841506192,19135,32
DEF-0058,1,58.35772556695577,66.80055683124085,59.44386097541791,3.756025824434138,193.48837878961845,14435,24
DEF-0365,1,67.2462578538902,61.40867531914687,113.52508914045187,2.363856266794759,188.4296634573298,19338,34
DEF-0170,1,49.42417214138266,65.27181774193602,115.07280353108115,2.3367755352151516,194.0697174742856,15527,48
DEF-0033,1,62.568655395929845,63.03064681549542,60.836556093756,2.769119011029002,195.25314905457583,14331,25
DEF-0098,1,60.72592057550524,57.23677113326497,104.45775478073043,3.2788459580160993,201.9295166064555,5793,47
DEF-0375,1,72.90625599162769,65.63100043594571,85.89455855651424,2.8897315521761535,198.28762206742556,19212,5
DEF-0131,1,71.32941633793465,62.14809109566293,93.11531530744666,2.717263069756299,188.61625712089844,17537,11
NRM-0029,0,44.27049705008836,40.22980432227821,100.55129558744454,0.525710784678013,219.25243678961795,3848,1
DEF-0088,1,47.70419906990854,66.20856979826172,121.00566002627069,0.9440485677034002,187.99892224493232,10287,6
NRM-0277,0,45.94012923853262,42.04556318784589,101.44114565172647,0.31530551663163325,217.682010798952,3501,1
DEF-0186,1,73.05192674780947,53.90513738731937,89.22557291561596,2.65726565879019,195.91885567311522,17144,16
NRM-0346,0,45.03978219611433,42.231524234322634,94.25574295035356,0.5512159757332041,222.73725924419426,816,4
NRM-0224,0,52.145664307611476,41.416455855414895,105.50130801615485,0.49641290388497206,220.01518787075625,8286,0
DEF-0453,1,49.72429506190674,60.96784699626789,80.95971228258317,3.2073938446190486,200.84900476294274,5572,47
DEF-0377,1,91.34222043649959,58.91023973365677,73.34021705625472,3.636205545953568,192.3264219609468,16030,46
DEF-0112,1,73.33223877620742,53.36730491945121,84.57163543150494,2.4443281416695917,197.42657998280225,16271,5
NRM-0467,0,57.201608864007454,44.75490414759182,102.75579887211573,0.3256985276683973,220.45809947650423,6069,1
NRM-0296,0,45.83754410884684,37.96762997982769,90.77495996783252,0.6571182260330605,220.12477479276032,5699,3
NRM-0055,0,50.678160043879764,50.053510822930555,103.7452197226302,0.592402661985857,219.65954621681652,5640,4
NRM-0092,0,48.082694771211735,42.98316163326756,97.47475674409856,0.7547348495809388,224.02365199288525,2168,1
DEF-0137,1,61.37161439560341,51.590898374333854,63.62101500008779,1.8018954981031914,198.96828970990177,7050,49
NRM-0419,0,47.61001733956671,43.880138317782226,97.5566055485047,0.257442185376312,221.44776273095857,217,1
NRM-0144,0,48.05627587397109,56.75801026687226,94.29354797621973,0.6314120137518016,220.45928283277973,7428,1
NRM-0133,0,51.072716724784826,53.031323802257766,100.80782252970928,0.3223073595282382,221.23155769817586,4693,1
DEF-0252,1,59.357524013426115,60.922756515985185,113.13164928851813,4.104874310527299,205.307517883182,5161,34
NRM-0380,0,53.764613326439154,49.1070032349588,94.66658648347068,0.5099972070713358,219.33529105296208,7183,1
NRM-0128,0,46.60347615317132,40.87864411341495,103.98497931861138,0.5901477580087093,220.70002239587035,1690,1
DEF-0341,1,47.30924095110882,61.676193435349745,75.78761797539339,1.9990479742227467,195.07689490686053,8167,26
NRM-0124,0,46.030316629475834,31.12731567282803,98.38993411396082,0.45180136122896075,220.01845286828865,634,3
DEF-0445,1,89.19791733010463,55.93493939139814,101.0098384112785,3.537937137031763,195.57173445651844,17180,17
NRM-0016,0,58.2474044716196,50.353052799895934,96.35198765096295,0.5722834634546206,217.4137169124827,3031,0
DEF-0485,1,59.537409618739595,57.74993571002093,108.85723825293859,2.0717319303870214,196.7922680910481,11416,37
DEF-0257,1,67.61662972696479,64.25046994658405,103.1357379360147,2.784933501779874,195.24337419163413,19082,17
DEF-0203,1,59.39551848510476,56.63254687878066,94.18491243335703,1.8317223573921941,205.72574563886695,19577,9
DEF-0392,1,65.5392042530578,74.61677808659545,94.59614782477819,3.9739832356537694,183.33581099737876,6476,31
NRM-0113,0,50.54000371973485,41.644622865467284,99.3537737102374,0.3785415630104317,215.17577218989916,4535,4
NRM-0362,0,42.64755224384375,38.68615112150718,96.12062588416758,0.5157928091336169,218.7178374669233,6674,1
NRM-0283,0,43.679969160263184,44.74065568115049,99.31834578767159,0.9299106527465619,223.66696915435395,2950,0
NRM-0333,0,53.29909142972491,43.02405083484468,104.850185368319,0.3218154815910293,221.43850196611066,8558,2
DEF-0413,1,78.25964674285234,64.88784016080773,78.70732845921414,1.3991661889685165,193.30199182755817,12786,29
NRM-0409,0,53.45036838168306,46.36559217146822,95.00893870744298,0.4994427778666198,218.93381919596834,1406,1
NRM-0310,0,55.05081226763578,38.94658507096562,95.40238766930275,0.7898313206792904,220.09524203992498,1425,4
DEF-0038,1,61.84730755359654,63.79484610246634,78.40762178193643,2.3105451146079927,192.57318226085448,16928,26
DEF-0372,1,73.94577679243757,49.416681195515,82.65074767259198,2.8748846371996732,201.93822153528828,16029,41
DEF-0406,1,56.35434272721698,68.47694229225982,90.65669644070833,2.2953270904775267,193.36440901705595,6920,14
DEF-0273,1,64.94602623638465,55.933226761055415,86.92079588707531,1.414077632171031,193.68608305508766,11411,14
DEF-0111,1,92.96032708335277,58.21733955027962,93.57444393182173,2.0458247721794476,193.8923895165764,18087,14
NRM-0353,0,52.93039517170182,46.45482365068722,97.46495670364972,0.39721987467023134,217.60209720401224,7101,2
NRM-0284,0,44.01259656947178,51.02663366152406,95.8338906727356,0.38282483461041017,216.4165411603323,9381,0
DEF-0166,1,66.01764072987625,58.629840928760274,93.15851966442878,3.204236999402599,202.37926640243643,5552,16
DEF-0065,1,78.53872374165414,56.52927023246253,91.64790109564873,2.7739655344060115,204.55764803254715,14860,42
DEF-0018,1,83.8618590121053,60.872889064159196,93.86325586084146,2.4404432673870664,185.4061439235048,8696,21
DEF-0277,1,65.8966225110826,55.224387103253235,96.35398598390192,4.150019935394516,189.66233542872862,14973,23
DEF-0464,1,61.45938453132911,55.68067717063479,59.77191017466879,1.4988689020126187,198.64955746441436,14116,23
NRM-0107,0,53.46059752544245,41.1991347244239,100.88958403504937,0.753073218606313,222.97332732850634,3929,4
DEF-0426,1,62.45158161945981,58.312358570750696,76.52559381251544,2.092215875851893,190.92320054863688,19453,19
NRM-0468,0,55.838069740104274,45.009537061384535,91.65998646754318,0.5418353301546789,220.95055374244293,4199,1
NRM-0025,0,49.219801166534076,41.74467999042564,96.8302729505329,0.605507431736003,219.4770687253616,8576,3
NRM-0498,0,53.62295889361561,47.2424272709822,99.20731153791772,0.31639618767220695,220.18475358327984,9189,0
DEF-0227,1,43.26178743765303,57.968988806890835,72.56539265418574,2.313862473184001,189.76761028687787,9837,19
DEF-0312,1,70.28068367746235,62.44345976354609,62.71038107002914,1.9454505382108647,185.82171183568983,6141,40
NRM-0248,0,54.044596346963594,42.07772354074781,96.25321155288611,0.45569268048325234,217.64607577446006,1264,3
DEF-0454,1,81.51546269192241,69.36958710515017,85.28390982669605,3.266630743764001,201.94977683443912,8262,9
DEF-0344,1,46.204393719899784,54.054635670980765,92.77219906146279,2.8683357835520384,198.69040187454826,16992,14
DEF-0397,1,74.48121439100645,57.32099268473851,64.38963063610579,1.6067804480410726,201.1790581000347,14665,34
DEF-0331,1,78.08224077825541,66.07134825229639,76.98000000692178,3.6575468305596455,195.70469442795718,16426,23
DEF-0253,1,77.08366230593143,56.87605226532974,102.41775143943627,2.4943657608602114,201.56204310871317,10997,23
NRM-0096,0,45.83181927545774,48.37224701201834,101.73832623203712,0.31569892079523537,219.2170400998236,1240,2
DEF-0343,1,61.96273971223335,63.64342398608458,82.6770450415163,3.321937228271019,191.68139811510144,14010,17
DEF-0330,1,73.85458958900338,63.94567012573339,91.18500125416594,3.3636348966493133,202.12968290739556,6227,6
NRM-0253,0,59.158111423291935,43.274176472751016,102.44627267538164,0.6372707110029067,218.3222146519485,5087,1
DEF-0261,1,63.25624969634689,55.22969126126839,75.69593080470453,1.6445995248382734,185.31740632745942,12896,17
NRM-0161,0,58.113187690177085,45.113154263384345,92.97218473071857,0.30300137483659695,220.3973600190948,837,0
NRM-0273,0,50.57426199781355,46.1610725297745,96.62207806292666,0.5949266908028348,222.93432533930252,9520,0
DEF-0076,1,63.929696400454425,54.82378838790313,81.69526041979226,1.541697685928921,204.82362566458195,12240,30
DEF-0067,1,58.62764467924123,60.601478158559495,97.71658251088124,3.069291902471112,189.37678954081065,15015,38
NRM-0266,0,54.75653122149742,47.63448961832897,99.0456389022341,0.460360864724056,221.02031493783036,1560,2
DEF-0073,1,48.35306803804992,49.66278949980062,88.66319940730817,1.4564243995961175,198.3483627441502,6906,27
DEF-0325,1,67.8012138896945,57.382278093565716,89.43964738137092,1.7725081842875097,195.14437861574504,11963,36
NRM-0219,0,49.17719515188663,36.30299014031632,94.73759961501794,0.6504649786054874,220.7177795198937,8738,2
DEF-0096,1,60.126049760788526,62.01910279339653,73.62914344059794,1.8463988485912848,202.5488565622981,18946,14
NRM-0059,0,39.356329527925936,34.675213062076324,96.5700097914029,0.3144431781878478,219.52124629698218,1046,1
NRM-0300,0,41.5574740596575,39.39976288765064,103.35455624138437,0.6207581040555789,219.21624646922626,4882,1
DEF-0291,1,70.32030193292452,58.09811972890205,85.76971603855448,2.4041019620617012,193.90689644420635,5264,37
DEF-0264,1,62.41599279792832,64.63360498885763,97.31039704785576,2.944303478106575,194.47759326811567,11164,22
NRM-0028,0,48.43741919662165,48.05011584892225,97.6542931746045,0.21437030091098047,221.5226111268189,8439,0
NRM-0006,0,49.289961934852364,41.20573934481181,103.20198592455839,0.529794389865442,217.81288570822352,2718,1
DEF-0092,1,62.25955642768971,63.04056945609167,115.63938742094433,3.1599201489029873,203.86188993488798,11943,42
DEF-0041,1,57.607635685448926,60.07571639129932,96.63111025300097,3.338415795195962,191.85715126262147,5830,23
NRM-0301,0,44.91117845461523,46.90476417846706,97.77526184768915,0.3197009786211688,221.20674634589463,2623,4
DEF-0086,1,47.53838441338809,73.08349973300797,83.53811418116075,2.8956532817139875,198.20291003474577,11283,5
NRM-0134,0,48.3602903986632,49.00540481894093,94.45023581481875,0.7294122755680861,220.28561878488517,4622,4
NRM-0119,0,46.973035380362305,46.38679230982338,99.88860510408144,0.5644164621533971,219.9778159921028,4665,1
DEF-0074,1,68.66598246096848,55.30060106836322,82.2919962399496,1.6526291824888386,194.68660451363414,9188,36
DEF-0353,1,65.82329886717088,55.70456028817965,107.93004177004224,2.2960801241052327,197.2180696134109,17828,47
DEF-0339,1,52.09635515457164,54.47323341223604,101.7327391193364,3.174698097725647,197.79724537997518,19743,19
DEF-0144,1,58.9537222139827,59.84524676034033,97.60101993730257,2.339429641330173,190.46982102748862,12291,19
NRM-0027,0,48.06050395657971,40.27126969651609,103.04123095842485,0.236573616010683,221.55205582768696,2681,3
DEF-0048,1,86.33033374656267,50.23956100238749,87.72322357446625,2.9706537651876608,196.40495933867516,16088,30
DEF-0442,1,56.94942607656596,67.52707800254231,71.1699582647076,2.7825017903983014,200.1696257154278,15973,16
NRM-0077,0,48.90673361282482,50.52815845762036,104.60851742550177,0.44749193534358767,218.9972691610321,1442,0
NRM-0294,0,44.83827580811196,48.126490961164954,99.5867676598668,0.9199516796653117,221.09794383412293,9137,0
NRM-0177,0,60.58373410739825,41.207685188500655,95.1486160803208,0.7916408976774807,217.67307673620002,8052,2
NRM-0478,0,51.24725472965036,46.996140964696636,112.46091999300343,0.4449757143489907,219.3644782119652,5973,4
NRM-0015,0,52.09804986012059,51.54005957830889,94.10591679887601,0.7693339447509732,219.05130911619307,9070,4
DEF-0179,1,52.1700777581143,58.70374778709887,108.50530382064053,3.0191393684055963,188.04001831405995,11656,24
DEF-0323,1,75.60642930486165,53.85225202773792,97.45048834854782,2.1277516345759575,194.4702582284793,13848,41
DEF-0475,1,63.03672443974627,60.337468406236376,96.67629707030103,2.219985236327087,190.01975106999112,16874,14
NRM-0474,0,51.53475375056263,38.81500549318969,98.57543826061267,0.62803392722461,217.9493322189351,6067,0
NRM-0374,0,51.6826919093549,49.57466694940851,98.74013406420755,0.25921237384044604,221.99942960653087,5760,1
NRM-0450,0,52.02901691767875,58.10737393239244,89.54071788864765,0.48922160119737307,216.10576924653077,2680,2
DEF-0135,1,45.70315403685843,65.15922269734317,67.71659440444542,2.713640212695407,199.44815397811718,16713,39
NRM-0209,0,40.175210206665305,53.95632532085353,100.73675636571622,0.5368265546045089,217.44040402776105,5335,1
NRM-0339,0,53.334361725378955,47.1800288761129,104.21919754820868,0.5785268231301935,220.90717104701844,7969,4
NRM-0350,0,44.617615950114356,42.60299143147003,104.54648613174611,0.8052665456825387,215.1514993521256,4898,3
DEF-0318,1,64.06565929083,61.14491212530539,93.59364810544812,3.2231382005894846,187.3016674036334,12151,26
NRM-0155,0,50.95788698097045,38.62753558750489,101.89775152306115,0.723249278103625,223.0160951828383,6895,0
DEF-0031,1,69.13354087623645,50.318118950077,77.28963707831035,3.5915467578562548,200.86014451902201,10600,9
NRM-0068,0,53.410347450313154,45.630889518309836,98.88762551610867,0.9093724391439116,218.6501319624189,8562,1
NRM-0488,0,57.743196475120186,46.60108288974414,106.10647472842574,0.526791676116047,219.80977670459848,9631,1
NRM-0094,0,42.05526358541945,52.400543959773074,97.93504182955128,0.6570250441351254,217.94066754344112,8434,2
NRM-0180,0,49.46662159027839,50.74629675015318,102.77787804070518,0.0688818120513783,219.10064985370755,4673,3
NRM-0087,0,52.16874610443173,38.504022408438324,98.12970175204357,0.28038174131279675,220.07830918362626,6872,3
NRM-0320,0,59.007698069626166,46.06432628263564,103.0172651259355,0.5219548773580746,221.06669111827915,1494,2
DEF-0034,1,58.90626624115586,55.93239451519988,55.22897627718257,2.285585318525702,200.48164894770545,10442,44
NRM-0106,0,49.92822766717926,44.34938685155057,101.24817237894494,0.38635892612071804,219.21491488353806,3897,2
DEF-0228,1,82.49241622043527,63.970085367705664,96.86306019222346,1.5451224717432037,199.67619080699814,19828,25
DEF-0061,1,65.54350577938571,56.490932787362,75.4933341809855,3.6494037380396427,191.49150011496084,12114,16
NRM-0044,0,46.19905275518957,46.43566677061493,107.67574360003775,0.368608964720318,219.24489068718208,964,4
NRM-0007,0,45.88764543575355,45.294921107947985,102.23436250401349,0.431490159828447,220.34092754199315,7666,2
DEF-0498,1,83.96412405772782,61.09892161712231,110.88817880588935,0.8607008908371199,199.07084741666176,11009,49
NRM-0392,0,46.85672847462715,43.612431905698834,94.81845376313115,0.459307771783939,219.92682005131414,9757,3
NRM-0484,0,51.32985083908535,44.27826528626078,101.48327426479209,0.25595286015485585,223.28206366820007,8833,1
DEF-0191,1,78.75706813311619,60.60249979394651,74.56988500306375,1.477581933250899,186.7812964220597,14108,23
DEF-0448,1,69.45538846529006,65.55599678326641,95.59249487697949,2.8764118094086415,188.21088768981224,16767,44
DEF-0262,1,57.821766139482776,57.57819527863822,105.79586149523068,4.126644238882772,188.43121093156984,19298,11
DEF-0011,1,75.6948088619693,62.33897376631576,101.04183526003887,1.8762384954720972,190.78051819828036,11938,13
NRM-0021,0,44.75060379553623,45.206628161353095,102.21501065223687,0.6903099541148087,217.9576750848794,2002,3
DEF-0081,1,70.761745994711,56.76713557878737,73.77677994578407,3.849713308058052,199.40819878474724,13258,45
NRM-0286,0,48.22439172254751,47.07412241017937,98.29211683890821,0.6734386123837879,218.1205948034957,5186,4
NRM-0366,0,35.522211500110416,44.57479846927567,97.84781153649512,0.4343708310346853,217.97639295798245,2611,4
DEF-0472,1,68.7348118773216,56.4560745987673,96.50821276350348,0.3985709941194314,195.21466122607205,18900,30
NRM-0200,0,49.65938287416024,46.81985315426369,110.46598966104972,0.19762331608735725,222.31876208660105,7519,2
DEF-0489,1,76.46879199251899,55.55379585885838,104.3295083735663,3.2008374340238355,202.3633533787549,6517,23
NRM-0356,0,50.89957184773208,49.1891526761474,99.49002641682034,0.33151347397473474,221.50174555880267,1179,2
NRM-0479,0,50.58289256006232,45.81177280408239,94.71338698593951,0.4731880892369741,219.1564910567812,3783,0
DEF-0070,1,71.45375949585147,66.84315778766174,75.52614809129844,3.0488411679987513,200.29212243424794,11941,19
DEF-0455,1,49.92928076821613,65.59228822423938,98.23973466837343,3.053447857466983,202.98686394976258,19026,36
DEF-0124,1,46.59125768668355,53.60211516632149,80.62772133456481,2.520872840168667,197.58829510234563,7866,40
NRM-0222,0,53.373642730317535,44.20217359003974,103.19879720891122,0.44998830884162044,221.1469459738904,7497,3
DEF-0161,1,76.5458428185937,61.4822946699928,89.38713099605987,2.4048016194152853,189.11051678509713,15205,22
DEF-0307,1,66.1391962810077,57.36852734386513,112.58727431459485,3.5641464690449713,201.63484265528336,6842,15
DEF-0360,1,73.4908545045087,68.86395588218357,121.89653383459813,2.846381346182185,199.20004913372804,5277,45
NRM-0303,0,51.056982837353296,51.75557044993358,106.46372644759103,0.8327465664286947,220.6104862530627,9430,1
DEF-0147,1,76.08703580582907,54.155518671291404,78.86228473714588,1.7573844388668396,197.97184404461584,19468,47
NRM-0326,0,53.49549794832754,43.28819182370661,103.69731734617594,0.6728361409683565,218.69297760133392,8527,2
NRM-0275,0,48.57452871478993,50.09974741733184,102.74022487002985,0.3234009552998234,217.91907245876143,8269,0
NRM-0437,0,43.83449347492572,40.486557030889635,101.69588789567742,0.1687238945717949,218.9753653790818,9876,3
DEF-0020,1,40.01240858361289,67.40164280586082,122.38092785044655,3.4854227013728885,193.92837758371903,17688,42
DEF-0491,1,52.48621753572608,57.657830758598166,72.67957886050701,1.6236792775926105,196.49195923283153,11797,49
NRM-0149,0,49.12241286106475,50.0400200214663,97.25197707667583,0.17088147719163718,223.01109038381165,5290,2
NRM-0371,0,51.92142944083649,42.4112127638889,101.08901169874363,0.5951176871857164,216.50620861730889,6796,3
NRM-0385,0,47.96014260949374,44.69939643068802,93.31895249759218,0.7317220733483403,220.2331246984839,7186,2
DEF-0199,1,70.51037302242537,56.99316178024393,94.79672901213806,1.2256050131746645,197.202373689802,13227,24
NRM-0352,0,50.51779971119712,37.60075759781014,91.54994724965532,0.4646355448452991,218.73342962930772,1309,0
DEF-0127,1,47.804589932877796,61.872925547254894,74.26757498877485,0.8045141055690862,193.2456734651323,7343,21
DEF-0235,1,58.43105721028604,54.61669532737835,63.32053750185295,3.5041587875626017,195.94208004148715,15759,14
NRM-0223,0,53.64117914544224,44.16761306525989,97.65101652686926,0.3579983776659957,220.59640055619647,3827,4
NRM-0152,0,55.58416887764977,45.93208084872023,96.34184130545736,0.8780881370311565,220.09861666304045,3409,1
NRM-0375,0,45.50915308423943,39.723882549379816,101.28569232904047,0.8022160390270259,215.73272831668237,6431,4
NRM-0089,0,50.61539100828091,40.54390749946624,99.69079958019658,0.6705191606590205,224.241136240861,7136,4
NRM-0004,0,44.60968925018143,41.81664952497144,99.65861188680331,0.3297259099374377,222.4676344641786,6609,4
NRM-0141,0,35.500531098625004,41.98664057720668,91.25005725588167,0.7244180460644541,218.12770142145817,7316,1
DEF-0087,1,56.85215872009702,52.37854733415004,101.96604471867951,1.5886866171280938,196.33871332851632,11988,47
NRM-0214,0,51.9809970019209,35.95821783791294,102.01718431435646,0.3456577559638919,218.99922781975914,921,2
DEF-0275,1,51.19456654752591,46.20201300363558,105.95062274356397,1.51695966515829,196.0637241922987,9943,7
NRM-0291,0,42.754247384435565,40.968115354409754,100.37847470002546,0.6371179492596832,219.71670282797976,3962,2
DEF-0278,1,66.91520963865965,61.20619068827674,97.81942935893635,2.50464844683396,196.32528022420155,8604,34
NRM-0207,0,45.41929241709328,42.022325324080704,104.50266538665795,0.8398871966017419,219.19640994611675,1136,0
DEF-0153,1,78.82904434464798,57.754180956122184,106.90129787889305,2.0458529818623283,198.65607746671438,19294,30
DEF-0272,1,64.38956574530005,56.320707753385825,91.25020606489865,3.2050278251462148,190.13276629300262,15006,29
NRM-0249,0,59.10271953970908,51.313712415738195,104.38394777276976,0.3632604429491893,221.528596161877,8112,4
NRM-0150,0,54.26710725746057,43.15306633968158,100.48485088380424,0.471142411472652,219.3421118292854,1510,1
DEF-0465,1,68.15341858900653,67.17233434673027,93.85695978627932,1.5450312098713372,193.49326775154225,13954,24
NRM-0290,0,50.252681713964556,52.44901315785677,95.94755708813341,0.4070681095590917,218.3305593811004,2610,4
NRM-0164,0,53.53522947067035,58.74322467241944,100.72946267958429,0.1347909178536198,220.9150329802535,5057,2
DEF-0211,1,82.26833842218761,66.556051151962,100.41609478418057,2.238530965550292,189.0511922913395,11813,20
DEF-0497,1,83.22168949395707,57.944711040664785,88.0357616672329,1.7700900379900881,195.94233864533138,18026,26
DEF-0248,1,55.129182297119776,67.43373567899887,114.58411241016285,4.6000690716973285,196.15466720414997,8083,21
DEF-0195,1,70.6390912005236,63.79464294893383,94.21787135954064,2.5833608831615007,194.6870343605024,17046,8
DEF-0434,1,64.09875259008989,65.116927908137,87.23123005132027,1.9414435735267126,193.62148903539565,11328,44
DEF-0335,1,72.92932940485917,63.296228342162024,104.06355206439838,1.2139521085048206,191.18637610716894,7555,38
DEF-0481,1,81.11790591312396,59.133394228747264,99.1096104504006,2.326871060005929,204.26282364387524,18482,25
DEF-0193,1,75.09817089342634,48.75452135972031,79.75511504473316,2.547313697817938,200.6305851300769,15693,32
NRM-0189,0,52.80533542012958,36.76568070853577,103.02296172351252,0.3648372057933361,216.85684384264164,9508,4
NRM-0013,0,56.74563174084203,46.27129139870498,98.13955879273523,-0.06869705841035513,220.04098602585205,1547,1
NRM-0215,0,52.19250884782869,60.46320639231341,92.67778883293167,0.2574150115099721,221.73910221329558,6056,3
NRM-0160,0,48.28711463959224,36.17208598781242,107.49097643457574,0.4739386817301776,219.43979095164005,6035,1
DEF-0469,1,75.35847304867619,67.72856148829608,78.76285102959598,1.808832706531829,188.08273240965673,16029,17
NRM-0052,0,40.96706013765555,45.977545750787286,94.71471416142111,0.3078407078324846,221.3452154575653,2899,2
NRM-0271,0,47.2288522842617,34.83499632164976,110.56174854742876,0.342023138166616,219.9961887340225,9852,1
NRM-0408,0,44.77235257162973,44.86869603365074,96.87744772455711,0.6493961680209419,220.06298312452398,1295,4
NRM-0236,0,41.67345460661181,43.54239344541252,98.91797789520068,0.5540412582476623,217.349625391686,8967,3
DEF-0060,1,61.56798763368832,62.2883822721442,91.04478996778319,3.2868034450867722,197.36813693863783,11190,45
NRM-0463,0,52.01637281518586,48.731242697159495,96.60923769401221,0.46843159579198335,218.9278364097583,6349,2
DEF-0190,1,76.89470488924641,53.861960924315035,98.96100104774787,3.0609381938487186,193.51218248320004,10450,5
DEF-0268,1,70.51319724761042,57.82397835691516,73.56981654214624,2.325815212409242,189.37853702897084,11985,38
DEF-0393,1,78.49739529550625,54.81524497012529,89.27690877769406,2.6497312163889295,196.14963233946716,12262,8
NRM-0472,0,57.952017842868194,42.15425900663733,96.01443216887509,0.5081849497457845,220.8698820767358,8734,1
NRM-0315,0,58.91227108278657,49.040180947010356,95.75967200984746,0.4152480635954594,219.0931717832323,7520,3
NRM-0043,0,49.64453687156367,48.32708411845889,109.70608718231874,0.3243353845640522,219.24398420196357,5775,0
DEF-0007,1,51.06583059127296,61.09319158026931,103.22641558422916,1.6927317257079137,187.08352893231557,13529,28
DEF-0410,1,75.59480530173339,62.56233258095193,88.88809340354935,2.3062806193408556,193.76845122316595,10041,7
DEF-0090,1,71.83961637474451,59.277379573230476,100.02151427635069,2.3486338724034583,197.8965171843611,14444,18
NRM-0482,0,49.55094413213223,45.16409642689658,103.80488387045914,0.6026607821123778,222.9173712864255,3459,4
DEF-0196,1,63.11103312215525,62.765366382202394,89.49470209636927,1.739721453518612,190.64713691869122,8610,33
NRM-0305,0,43.967934830204754,55.72518210384354,104.47338571219066,0.6939096133778194,220.94270498165545,5124,1
DEF-0437,1,58.82390818199214,66.44698431715013,104.5200971241095,2.3328366758207886,205.5506779104281,19683,35
NRM-0278,0,45.02785739100104,46.24774094799039,94.08471907632806,0.44944734898076294,222.05882620191065,8724,0
NRM-0088,0,51.7335498880246,57.55778275792212,90.79961127747124,0.49354387779010594,221.28108587014955,5722,4
DEF-0361,1,84.81579164815192,63.312405300822576,77.00659577989126,3.1663194628779117,196.2589385344697,18705,49
DEF-0296,1,53.79577340088383,59.45031142314908,75.2004152304065,2.125133654471987,202.16085071762316,17466,8
NRM-0000,0,50.95357483358397,46.330961240936354,104.43515511066452,0.8029564092388308,219.27257790182492,4106,1
NRM-0338,0,46.74842160068953,48.051868498626426,99.74768476298581,0.3340984882235965,221.17700157252239,2588,4
NRM-0367,0,54.052487495751336,49.6624192613516,101.1004116478049,0.5617091805278434,220.97650123596978,3296,0
DEF-0298,1,56.04001193185498,55.34559402903298,95.29811091761765,2.4841717478280274,191.88197282535396,7261,29
DEF-0121,1,71.22799831463922,60.60323612997398,109.68137924624465,2.4934107463503374,201.79578813605278,15273,21
DEF-0258,1,72.1799030991617,68.37773696772243,115.19687527625938,3.087914802779471,192.08293822065934,12999,41
NRM-0262,0,48.38245390208182,44.59560213554437,98.08477918137773,0.6926365485705632,222.82859021200883,3381,0
DEF-0114,1,70.00477519420632,54.73370639677502,84.73977708181819,2.3166271587571265,199.06931954061804,16383,47
NRM-0233,0,53.7828233745657,45.99742649721457,99.59525896878078,0.5157805662289128,219.07725557050642,8038,2
DEF-0292,1,46.14799947978883,58.51866278245559,65.9043449158623,3.1233872274508863,200.25055298054457,10827,8
NRM-0279,0,53.98350963535371,48.22793856087097,100.09690618849012,0.03593688035391531,221.56525965263305,6006,4
DEF-0210,1,53.273967431386836,53.83265949359947,100.42496851165312,4.057234270011812,193.6975071903064,5661,48
DEF-0409,1,60.609940491287716,61.319258505369675,67.13376992818534,3.475602854969796,200.18100916065862,18804,44
NRM-0040,0,41.65700370560902,50.2936426494194,99.13599131301768,0.654384030967335,220.8826143033985,7289,4
NRM-0169,0,54.68017827241954,55.2478746431227,98.57060851903263,0.17759621986549454,218.44176405927465,5362,3
NRM-0009,0,40.711400693211445,52.98024245697778,98.21630718370486,0.9666578643299565,223.91046006181557,2056,3
NRM-0360,0,55.95542927386738,40.906974866699606,105.46053391991214,0.390418939158613,217.32827519166278,7805,1
DEF-0132,1,69.46639731517085,58.93363812017105,106.93604156302715,2.435667381032806,192.67274908797972,8561,43
NRM-0104,0,45.94499568185578,39.429767749190034,101.29330573927695,0.5425479551715321,221.56574746989713,6791,0
NRM-0139,0,46.735957579150984,49.75007914334823,101.215023610272,0.19345988802201383,219.60743869722413,4726,1
DEF-0422,1,59.901414622357166,49.62962020117605,86.80787607777593,2.4701009121611097,193.16385504834753,16862,17
NRM-0330,0,41.33265250981906,46.107466535664166,100.43215094543771,0.4151792368831802,220.98383107630278,9419,0
NRM-0035,0,57.61619310856129,49.589838353331814,96.17069954956848,0.6457818311125565,217.92546851807455,5956,4
NRM-0232,0,56.47492792408478,47.72110176170173,104.22901436281464,0.6028125104849552,219.07766053593076,6820,0
DEF-0483,1,68.14448917351962,49.57943530250706,115.87044974641663,2.2700419844797155,196.43664452201506,7786,15
NRM-0210,0,47.8042036456156,44.74290222796579,90.9570702141255,0.40984957816697,219.1004367921461,6639,0
DEF-0189,1,53.883746722612734,58.32746246821627,93.0928647304399,2.0165291444426883,193.36648002511086,16873,42
NRM-0261,0,48.76143078748523,41.54307692410889,103.43782175997069,0.4353041156246746,217.68317365485441,8517,2
NRM-0182,0,50.43055434129489,41.265383574649164,104.95083119479645,0.4565737850107595,221.0530733673446,6911,4
DEF-0477,1,69.8387665118804,60.67701241241806,64.97341869146058,4.523651604370258,198.12209706128277,11531,17
DEF-0094,1,73.92410819815211,60.47810222944696,76.72776087123023,2.729553008979438,195.8259719006029,13135,46
DEF-0449,1,61.77435215898023,57.80260729908095,114.49281280909938,1.9644194999286853,196.37610644378915,7378,37
DEF-0207,1,59.80146608451246,63.40648087210236,85.89803630317763,1.9010917487709336,199.34051571478966,19052,37
DEF-0254,1,63.298153774750716,57.733859753363625,100.44581171185074,3.264244166856409,195.44203443145923,13623,49
NRM-0142,0,55.96822432786614,42.223459723069766,100.79823884703951,0.6142816775437561,221.56956316802837,1312,0
NRM-0049,0,41.83698627156338,40.0688775685874,107.09278343195925,0.6685662489456862,222.4129603108301,7631,3
DEF-0366,1,64.42392036284495,65.6161966241191,94.52428871930395,3.0503735616928265,183.12166994453693,16755,10
DEF-0462,1,69.28790639938724,58.294460487256416,87.50296307647157,2.6695029429214583,190.52221953226834,10630,13
NRM-0165,0,54.30131485700598,41.758448649281526,95.8783849396856,0.30997284942329856,219.60262977410207,4252,4
NRM-0158,0,48.77167362020298,49.30817331486073,105.04451027695264,0.30951295384191996,220.30709727664149,2703,1
NRM-0454,0,55.68866816283699,45.32251778458899,100.53530143479276,0.5320266073090368,223.19056598901406,2564,2
NRM-0269,0,52.73827885959596,45.406392110281,99.81053459141584,0.9776743985740878,222.36851329039234,3777,4
NRM-0168,0,47.68823738103339,47.05724163794295,93.14316565908808,0.5332468263976243,218.04923952966132,754,1
DEF-0402,1,73.01164019823922,70.5543631851214,77.73897283366918,2.8485399287247293,189.07044495383576,6518,42
DEF-0310,1,45.40609773909256,63.663246803645414,102.83190013023967,3.5298595121217122,197.35489251853392,18969,40
DEF-0493,1,72.77407352764511,55.25541739587582,116.21044796873338,3.2457532514083076,193.81722356390526,11995,16
DEF-0171,1,75.42765175844401,68.63771585050355,96.54485504511048,2.5304027825345603,195.6001566335913,19025,39
DEF-0157,1,68.52055396514297,60.37103106900078,86.55896095904471,3.2604022042261,193.28512085848686,7255,31
NRM-0184,0,50.26708740454772,38.432554341546876,99.01905927073767,0.36577127864737563,216.03969908189003,552,1
NRM-0247,0,50.3887995999554,48.106174762869976,106.44311563919047,0.5147233019257395,219.72467233927944,4774,1
DEF-0439,1,79.55822322146767,66.69181865723192,73.05524655599278,3.034919888128474,190.409956188891,7618,11
DEF-0496,1,68.1940123359558,60.64658799075063,96.22597642403976,1.9847631874297669,200.7601570140476,16129,9
DEF-0432,1,54.03597513848599,64.19118439785571,108.66747114031587,2.605616738094046,196.80721018473662,15738,48
DEF-0104,1,54.87895624739832,51.72571664067115,102.34755875942872,2.558654373750723,188.55019550129472,13609,31
NRM-0193,0,40.98068603718818,42.41206973766863,98.50870256342546,0.39362212849964867,219.4684803625742,822,3
DEF-0265,1,88.55580258568206,62.23000047333593,79.4509271615479,2.0541751007167353,189.6798288239945,13562,29
DEF-0239,1,68.59209400457841,54.775954029894834,60.50465115935997,4.144965703952258,189.48395817139158,16029,34
DEF-0150,1,62.78802668274201,60.94860441779029,107.79581118322932,2.3109177328605126,189.07289997659845,15276,33
DEF-0279,1,64.54973177171134,54.6880323592656,96.42460645811472,2.3502845879963608,199.9286499783993,13438,31
NRM-0348,0,51.04764619851104,45.301915736474626,103.3339267233621,0.46121629161522487,224.24405209260138,7333,3
NRM-0218,0,45.486501678887336,49.73464234178528,93.01423846725925,0.744413054839237,220.64175302236916,6340,1
DEF-0444,1,46.81759566002852,49.63126906406731,88.77493453722025,2.9347036551558054,203.1533388861878,9290,42
DEF-0028,1,55.14618202874313,54.53029795465763,46.80814659791436,1.8574578679898819,194.97571527674486,9911,24
NRM-0384,0,50.019874782585916,47.962389920603584,101.04027515912027,0.3553737403965484,221.81762482269994,4492,1
NRM-0358,0,45.17108683568021,42.30713163351688,97.6662059402428,0.2034031136035164,218.36463520678973,9380,1
NRM-0030,0,49.72509428349551,42.67088960540195,94.83092764909625,0.5024954098670935,219.0733552703268,5408,2
DEF-0438,1,70.9879438956191,63.34170244359041,78.98739301832256,2.5655964451308484,197.2864020230762,6892,49
NRM-0172,0,42.438622036294625,40.50312936422673,100.03232093598798,0.3885290032689223,223.40890910078832,4479,2
NRM-0090,0,53.75223285443687,38.493384605471775,99.78166490129864,0.14220211744059902,220.4558593400199,320,2
NRM-0120,0,51.12880761555877,45.08806625966829,95.12316986360875,0.7607015863869518,221.32940549066623,3299,3
DEF-0470,1,71.29914862046294,49.80284250840034,92.60941724528561,1.668741146886575,195.08274699454557,5844,20
NRM-0208,0,50.804421914958844,40.38703666586236,87.98411703703991,0.8599237520103867,217.38072625178293,739,4
DEF-0355,1,61.63926013849964,56.18425588428143,92.03630819876497,1.2802356400097552,188.23220071932803,18732,10
DEF-0141,1,65.73962964073569,62.34281746685761,97.62284666238195,1.5006599509407619,197.85740348288493,18832,39
DEF-0467,1,52.82076373234887,52.92512064061976,70.50158581055513,3.180855371216491,202.50285684481335,12357,9
NRM-0376,0,56.819839368304315,42.55053634930159,90.0087969247773,0.7863848347881505,218.37786969617096,9074,0
NRM-0179,0,46.59558547746051,45.192518228174045,107.20292540300939,0.3353589805397154,222.1773931172354,6030,1
NRM-0459,0,50.09850968316565,45.13280052431701,99.73744265439292,0.544437347380434,219.13992398914473,3141,0
NRM-0256,0,47.54889203992355,39.67533355420931,96.29841214626248,0.47943517390401114,223.67447678554907,3122,4
NRM-0166,0,44.68177061635028,41.52758562068891,95.2250567605668,0.507351645309886,220.72244319280176,1231,3
NRM-0140,0,49.28442131518111,48.93515418435807,101.48697426765554,0.479655994889391,218.84823657508335,886,0
DEF-0066,1,66.66429535803161,64.03777815802714,103.86228574628302,3.1502851713904794,188.24639023529247,11600,5
DEF-0035,1,61.645889759291606,54.261400135875,110.84404242219887,1.8158075848961512,189.864691205322,17249,21
DEF-0080,1,61.41790799509221,64.50931718508943,76.93129678327605,2.3186004581614195,191.1445672974778,6062,21
DEF-0050,1,69.48648674052005,59.60634158166096,56.74858418275635,3.6116530708919714,204.35211948907758,6122,40
DEF-0415,1,69.3608195512725,54.23188004858662,91.7043668624149,2.1828513364548683,201.98314239753657,5062,26
DEF-0350,1,77.74591875293515,64.05031152026346,106.12763903502687,1.4050363651522653,202.7399987696201,6461,5
DEF-0395,1,60.29591107468579,53.272575818738886,100.23089262865201,2.186148185012877,192.8874363278898,10131,15
DEF-0480,1,69.29624940633674,66.8257438094604,102.96794862811193,3.7151092651621305,195.39988247389036,8357,43
NRM-0255,0,35.812467793013106,53.27377179425271,97.06663612847396,0.8334764685877233,219.17705765172408,8658,1
DEF-0348,1,60.467515909769865,67.26233767235372,94.90117146903481,2.7403794876886627,198.11103572021702,18770,26
NRM-0354,0,51.211234919658125,35.394496234335186,105.9092966905464,0.6284419544622525,219.26568296009228,3341,1
DEF-0428,1,83.70965175371782,61.94807088685452,76.97560902185451,2.927703268897948,181.82126130491562,11901,5
NRM-0037,0,48.62857484643699,46.83585080116717,93.8270377710788,0.30002001474725987,219.52562452317588,1981,0
DEF-0412,1,62.29379420472063,64.46294758557175,62.58788468920515,2.4561530920660175,192.62910421710177,5869,5
NRM-0212,0,51.27823851925215,48.979278148270225,97.34173087666252,0.48585670484398347,223.18928128243263,5508,1
DEF-0095,1,70.68936674469641,61.69248203747207,83.77068129148797,3.006225492885028,206.35346428902199,14446,31
NRM-0060,0,57.566722510697346,52.407578964207914,88.67742510301942,0.31296663403134295,215.45022647235527,3690,0
NRM-0477,0,55.47089773760738,45.68947887937453,109.78304981292858,0.6581442037080812,220.61119625434569,4684,1
NRM-0405,0,58.34961390702319,42.44939630260562,103.64759675493102,0.8396580784853912,215.37108784244305,4023,0
NRM-0268,0,49.3847420450505,47.94122722975815,99.53847303099613,0.8112614776960548,220.980159256503,2449,4
NRM-0026,0,45.82002579201858,51.37194043665859,95.05193020498592,0.45121935573490735,220.77261576356173,144,2
DEF-0194,1,51.10427533236404,51.77300626521554,105.3385564801446,4.451801925071418,201.92136409255258,10445,48
DEF-0138,1,51.55549488965723,55.40674026757901,74.93788849871898,1.8857619479166972,194.8265755630661,13056,28
DEF-0037,1,50.64099180625968,67.18678164166764,90.10959559110948,3.5647050623776684,199.94101305252056,9495,18
NRM-0423,0,54.36591570389303,44.72610819830587,95.38793507578023,0.5014725362847134,217.0429061260024,5492,3
NRM-0440,0,51.02537669617315,36.88308735029378,109.44218469807129,0.4671516029935936,221.3951739406784,9534,3
DEF-0463,1,74.9600865938867,61.265826190189905,102.30516018918684,2.47310994823703,197.27370456070568,15846,34
DEF-0302,1,68.77350702763229,59.09755105534183,78.31272522107554,2.344534763663737,190.56889828195298,7866,43
NRM-0103,0,46.28169193316617,44.38133659950122,102.28902804962893,0.40061359497640436,219.63486205124093,8402,2
NRM-0226,0,48.835909588895404,45.321154168516635,100.57264397893292,0.8605321902350868,223.2496780893097,704,0
NRM-0429,0,60.01341383204296,45.132861417209234,98.66503604912106,0.4889370882775695,220.85412931254342,5599,4
DEF-0408,1,56.35608929085819,59.2953604286119,94.74810489912949,2.651728701650737,186.97267455140476,8676,13
NRM-0347,0,45.00496883720072,51.130781837757276,96.06534224898057,0.11055219506578047,224.0675616314863,1179,3
NRM-0099,0,47.92393116047364,50.02188317381566,96.49731585995231,0.6520236752512723,222.10882422443882,7701,3
DEF-0242,1,63.530012178029274,58.177663687398855,77.57305846548408,3.2274720144843005,203.64945577259917,18057,33
NRM-0204,0,50.02249774384262,43.78685606099922,98.87808945054331,0.7042203145812217,216.35970435600834,787,2
DEF-0126,1,70.19872226349983,59.40838288659505,89.25287052260136,1.6047080575786328,196.48880125459198,6762,47
DEF-0332,1,63.76271663732827,58.21764181315835,80.79304684735685,2.651430315388444,197.3336273379605,13448,40
DEF-0054,1,47.07954899864785,57.76613244105046,108.07384382667861,1.5426716246291823,198.85339164761555,15808,43
DEF-0338,1,56.45327055028583,61.675185626312334,90.11946423970996,3.3029676190485424,205.93744414687103,10575,24
NRM-0455,0,48.44963238362965,47.347274844028654,103.08372726007806,0.5699553038461519,219.30419078788086,5341,2
NRM-0108,0,50.36598495500847,44.2487850560087,105.95853748553533,0.48325640803015757,217.76090774323367,5038,1
NRM-0373,0,48.49563977304238,49.587449478924476,113.63679851204749,0.2075932966464799,221.3737242545729,9863,4
NRM-0319,0,53.49194217153045,47.60607289179677,105.93323737780746,0.3568692597393524,220.01143217218578,1836,2
NRM-0032,0,41.64997262812554,42.34169049840166,102.77794342334468,0.9858565285902501,219.60798633305663,1471,0
NRM-0424,0,56.92743170259044,42.763133750793926,96.36339389248862,0.6451032277550756,220.32686352117426,3260,0
DEF-0358,1,77.61933876731534,60.89859226549225,66.71433807622408,3.131170684187518,192.64070202783267,17903,7
DEF-0283,1,60.40908936445414,56.68643114068535,59.554891983906266,3.1108728804958847,201.28529978344545,16439,26
NRM-0497,0,61.04591983344339,54.46095880416534,95.58140429654469,0.3453940580794594,218.2585444567125,5363,4
NRM-0383,0,53.66527140732999,35.53618911204974,101.55745429398895,0.2624469520164946,219.20535349489728,2291,0
DEF-0172,1,60.87686881265138,52.94019511727875,97.23407836054413,2.1640802401767023,200.65626395198868,17803,32
DEF-0162,1,89.7227946227266,57.52066910996358,105.3528228369849,1.625096843149284,196.8606569554658,18703,15
NRM-0258,0,39.913306009387945,30.838370375079297,104.06990430098871,0.5257234900809933,219.5486872385755,4853,2
DEF-0240,1,67.10570033958464,62.562497761107586,85.18837750640581,2.497918665912785,198.73093703657202,9875,45
NRM-0329,0,54.247926322689445,46.67219257424261,107.39035949178222,0.30128209688119273,220.2718491344367,3870,4
DEF-0100,1,48.205407179982096,56.974684620040485,101.428784796535,2.6701246099064155,199.3392451833159,15922,16
NRM-0378,0,57.31242854239797,45.89791229731589,101.2607775283381,0.7522027953160016,220.3133071132075,1068,1
NRM-0414,0,42.782214829081376,48.43437611601447,102.4308429898325,0.4349402151352872,223.23962646848463,5973,2
NRM-0430,0,50.73105204357709,50.649014258197816,90.54303273403676,0.6675835707544604,218.47767351746936,3181,0
DEF-0206,1,81.7227923608685,64.61466091104704,61.976994000672825,0.9206900413312904,200.21304417818243,10699,30
DEF-0399,1,70.20968165574828,58.528675641032216,82.07944503220567,2.0943395075811955,186.65774224044475,17856,12
NRM-0481,0,56.092401074358435,43.22615739420618,100.54670288170455,0.7591654143545384,221.13285005597552,4737,0
DEF-0204,1,70.2436274725291,56.325447927611,84.6883853782802,2.8628302669961405,201.1229221881307,12327,15
NRM-0042,0,54.21019198662353,40.95355856377854,95.98898857881899,0.42492460888138245,218.87124557196296,9203,0
DEF-0482,1,52.81892028450678,63.26750976027931,84.34017734822609,4.120645673529,192.83549590607427,15623,34
DEF-0091,1,69.97291777830775,62.580623642888455,97.1324046217376,2.040996959753468,191.59627862714723,5077,30
NRM-0227,0,56.5147324453348,46.00225752170159,98.40415042698703,0.2452565198549101,220.67004259160421,7632,4
DEF-0016,1,72.24083251525877,58.72117681520529,102.74881806093524,1.4509406193991126,190.64847522719464,10530,13
DEF-0473,1,78.44676120102133,58.68127306075697,105.03976369481742,1.797383941061307,199.8097830977769,8262,42
DEF-0394,1,50.10849883238404,65.07459491227578,90.09719226331075,3.5822729397546182,193.97425885501065,13566,7
DEF-0025,1,72.41240635045217,60.06516949883275,95.66654387959638,2.5502596797865458,197.50798182673086,18471,13
NRM-0480,0,54.31271742307585,36.52513280741694,104.10116199152992,0.6634612407476652,221.90817020431325,9440,0
DEF-0243,1,68.00192162600194,56.98947323609371,94.10050118957886,2.489292307477569,197.6820836619752,18718,28
DEF-0003,1,68.14247332595274,58.744780159571114,87.54199325257845,1.3189362454763187,202.434904790236,6267,7
DEF-0435,1,74.40696143822682,56.96649852617352,93.16925538419208,3.4600631651414893,192.54048776246898,7382,24
NRM-0436,0,48.080626293346086,46.0114020381061,99.91052511495825,0.3047199902672405,219.90949139607133,2560,1
DEF-0369,1,59.27413336153682,55.88784211372568,109.75438255030056,1.8306976565674948,202.91612764846252,7895,6
DEF-0220,1,57.00461078767316,61.75773979412944,104.26194450504222,-0.2107424661251146,194.45981150105374,12179,36
DEF-0109,1,45.88746320105976,57.75986430099885,58.13852888504739,1.3530331420304922,202.32694877759548,12311,44
NRM-0438,0,49.38619106631056,43.920258769329116,99.14514422409556,0.8660476710466127,217.81056225416577,1293,0
DEF-0002,1,67.41962271566034,50.43359877671101,64.12623251230451,2.0501699766072217,189.93584439832787,7747,20
NRM-0442,0,50.14717828784054,39.20892826455513,97.64698922537721,0.7066031488938401,217.9395694079724,3910,0
DEF-0040,1,64.52356288842955,62.5934722885889,84.12897281877252,2.85041807793734,203.31884894724126,12079,20
NRM-0146,0,45.57920760028116,32.057916838979004,100.29883918686642,0.6899045835922017,217.97238813472026,7167,3
NRM-0431,0,50.5490796442102,43.558190593882166,104.22898428178605,0.5870659672528682,218.41241503188232,2929,1
DEF-0063,1,80.89144132202551,50.4364674146789,95.43714688207953,2.9570780082614303,199.85261910006605,5924,17
DEF-0263,1,54.04698384930143,59.24582189696722,86.44501243409759,2.781031047539633,203.44946728313144,10591,19
NRM-0125,0,56.29441686644765,45.43576970191087,112.44730540630347,0.43228400385220905,223.1598802158869,4803,2
DEF-0134,1,54.57515125772861,66.38963414619083,86.08459120129807,2.607987776655751,197.0628519832206,10468,26
DEF-0456,1,84.54157433750287,57.47126647869032,74.11638619415099,3.6853307219700793,204.812935952654,7904,45
NRM-0138,0,47.648782038483596,42.85468061549271,98.76878939025642,0.619140450035103,222.65193994095017,9026,3
NRM-0489,0,48.33481190473119,46.321273818036694,99.79833044892978,0.6490721448155752,220.1870469928772,3467,4
DEF-0145,1,74.7485028469613,60.22796082235025,80.53511805189079,3.2259958147338046,195.1794727488385,18634,44
NRM-0381,0,55.21922997403539,51.755078762435005,92.43735517350562,0.23385897373381476,215.64406453561062,2592,3
DEF-0201,1,66.39215408644903,58.58029094558733,96.01788324490335,2.899709680900766,188.5181204036808,15617,46
DEF-0363,1,56.011868119650984,58.40076238372578,92.2763698837311,1.8318856786959816,205.44769360847386,10685,37
NRM-0299,0,50.78422121845739,39.93485244188581,91.5638812503215,0.4989790848869472,218.68517241257823,3408,4
NRM-0231,0,45.9762032669063,45.12434242008148,95.9061794639449,0.24146949516815,217.63684133085414,8928,1
NRM-0145,0,45.390252364674694,44.61818400339683,98.48851783730655,0.5154021514985888,218.06532960615058,2606,1
NRM-0196,0,55.285081414740674,45.99397294169427,108.15785868827378,0.624389162190442,218.4857463063679,6754,0
DEF-0427,1,56.008889015727725,62.24344884169454,113.34074159215585,2.468796639505077,196.11217068484964,8360,37
NRM-0195,0,52.960509805215715,45.821473826852845,110.981115710764,0.5985972917028919,219.8849644939891,7294,3
DEF-0380,1,58.47042008742189,66.06690699952496,90.94768841334775,3.548307761735977,191.97754195609977,11771,27
NRM-0245,0,55.25731659504059,42.31177121110092,103.27701914925119,0.28596168742113365,223.43808122568365,4257,1
NRM-0091,0,45.105953946004696,47.21039518400504,106.10565539263247,0.2938621197159063,218.27623014201012,7309,2
NRM-0483,0,47.66403267862285,45.042880010012155,101.65439660711755,0.5078112605384423,221.49234196912855,1384,4
NRM-0389,0,46.93508364364655,46.04239099899306,102.99825233456613,0.773699540260992,218.70800802974588,7271,2
NRM-0002,0,46.51063115692057,48.786334667677025,100.11664754323589,0.40648013190100074,217.84700546318072,6937,1
NRM-0118,0,49.467560584097264,42.73103757417958,97.13034996016322,0.718647421516442,223.8088670163495,8717,0
DEF-0490,1,54.11680512970946,53.603147520735774,88.37110543931334,1.860521237299195,190.89911560476986,15848,16
NRM-0372,0,56.12735272657235,44.08295006353978,94.97239992742351,0.3047507097090929,219.40588558425452,4364,4
DEF-0231,1,75.26154281396866,62.32522730507591,92.49979242845271,2.760141437223251,194.16637983456582,17287,44
NRM-0344,0,44.16174108941787,45.045703379113164,90.34573530373497,0.36514194148302354,225.1023485050053,1175,2
NRM-0194,0,50.88689585457234,34.50063383890477,97.00062915699593,0.7196658401388096,218.19914154907102,6884,1
DEF-0367,1,70.98249374629951,61.429593302379914,77.71504964761985,0.42756322150395354,194.75517405488887,12866,30
DEF-0233,1,80.61511196726853,54.04354930356097,90.9402809533031,2.57091735791841,203.61064302842485,15340,12
NRM-0205,0,47.427569483212885,45.22179398757803,91.27146283570174,0.5989411307550065,220.7668700628073,945,4
NRM-0176,0,46.61879395878788,39.52817601224928,97.05922821506125,0.7836477565812581,217.83157984044038,3507,3
DEF-0234,1,61.34678448687891,60.92340152932454,69.79310565705455,1.7227087691914786,201.00206953972213,10510,32
DEF-0466,1,63.883976691570986,56.14491290817375,95.00518589918096,2.516436303110172,197.71648332041144,18404,34
DEF-0295,1,72.86090640741111,68.60925581472166,88.73610829748243,2.089351017341304,195.13860844238286,14250,21
DEF-0059,1,64.95437171009704,66.35569112990457,101.5629465219606,2.894149187040324,195.44436503065873,6214,29
DEF-0270,1,61.975331617926486,55.92518007717278,58.00300447394234,2.4707733200651116,195.64225868798877,14283,26
NRM-0402,0,51.496259966299924,41.608188769261304,101.82139880390828,0.2723808524516003,221.50050289194786,5410,2
DEF-0232,1,86.57308213265503,56.971425384983306,101.13143058013961,2.7394340643251938,201.50870644699398,12099,27
DEF-0297,1,62.284755245086174,55.94255161133238,95.83080184576663,3.081855877616572,191.62889796844067,13770,26
DEF-0168,1,71.51409280927022,69.88272136864114,110.2721764421026,2.871307728178643,192.10149544263186,12867,46
NRM-0175,0,46.10581478589783,39.97073217625518,91.45345152354477,0.6302690024706097,217.36187227703007,672,4
NRM-0312,0,60.21512900924495,46.451232828335165,95.36766490879441,0.3079742522703435,220.2898159386618,504,1
DEF-0390,1,64.94403981170953,63.34370827796256,73.62448685791028,2.190320238020479,198.4776887878289,11033,23
NRM-0157,0,53.81630460937421,45.70775389539671,87.88476750499233,0.5857840796361977,221.2217953478016,9145,4
DEF-0143,1,64.96987396816161,71.17837343492238,80.01092275806906,0.703466240804931,190.60814406453608,15874,32
NRM-0449,0,60.288580401507915,39.40111975435371,105.34601964520462,0.2948818694725774,220.73948160528073,665,4
DEF-0306,1,70.87929742734391,65.42796838204086,92.90093674742612,1.8451066563163385,199.59873807163996,5331,19
DEF-0255,1,79.77530081055262,57.84102105679897,76.7093631850249,1.8253915165650059,194.32378552183985,6651,32
NRM-0395,0,48.99548747228814,49.9972892754769,99.58919557071675,0.28067249839567204,223.58789866277365,2324,2
NRM-0216,0,50.7856395949547,45.88094911251346,96.66575641524219,0.5395833334684151,218.78505542475938,664,2
NRM-0122,0,40.84427560830825,38.857780843671186,89.62205995460734,0.4827860614418214,219.69935907945626,4468,0
NRM-0451,0,45.529292805974116,59.63635046236665,95.02822467184563,0.3157097953142157,218.8692140594292,771,1
NRM-0397,0,51.451006122925186,45.68686419399112,96.21763551023831,0.6960827331977854,220.79941307888245,1039,2
NRM-0054,0,46.630378266352025,37.373612327419664,108.4500496680188,0.7178843848980101,217.7927242575012,2066,2
NRM-0174,0,52.97745448819629,42.050526217685544,99.33915322177815,0.5144557930768577,216.99955627710614,5615,3
NRM-0024,0,54.20752339907998,46.84810177169665,104.02250527974479,0.6832166448393309,223.87490979387684,5655,2
DEF-0249,1,67.36424676262449,63.8691637182114,106.83262543202528,3.0073929144473777,197.37642794659945,10189,23
NRM-0302,0,47.40873680569399,51.62638045218519,104.13557714282884,0.5315948624502903,217.45616199777456,6135,2
DEF-0317,1,65.06422269810938,54.509272609845766,84.57282991151149,1.0569748625774573,193.22506357943357,11628,41
NRM-0116,0,46.42659661504784,47.60639952506907,101.6083927068825,0.5336119611933641,218.00970303629325,3253,2
NRM-0217,0,47.97819003654988,47.87952218466168,99.25284256994455,0.7244407135395431,220.73954687423011,6397,2
DEF-0381,1,64.51190411894632,59.16401928463824,99.99249098207493,3.835383003712242,207.17204316618842,8832,10
DEF-0400,1,65.32796995411587,56.207523326499654,86.54398928691349,1.7606134845853565,199.45099205562394,17712,31
DEF-0319,1,50.13722970049706,54.03037496800472,92.1441464214556,3.8860119995880735,206.15650073096316,9916,27
NRM-0073,0,59.67660168299202,52.00199897397641,102.7711235197302,0.19112452933032273,220.26454558099485,9181,4
DEF-0085,1,66.45204060285458,59.95604721848322,96.77116797971247,3.152681296391272,197.83377963459412,9289,19
NRM-0240,0,43.06065724772099,48.819301758167114,99.73446599151545,0.38980363929235007,220.33603068106507,5292,0
NRM-0398,0,47.989551372663925,39.474663420700125,95.50480468939027,0.4283643191724509,220.2079193579271,132,0
DEF-0000,1,69.96714153011233,59.308678494144075,99.71532807151038,3.71842388512642,193.82923312638331,9426,15
DEF-0174,1,63.273727000591805,64.41829968743336,99.78484317620129,1.2388862744126004,202.38270174862947,7958,37
NRM-0202,0,49.304748401064,51.02547826725014,97.78788505378215,0.4317650838659978,218.86697800953706,9584,1
DEF-0165,1,64.13861554516636,54.99189995052542,85.78349560671067,3.9381492214796183,198.20421430633505,17430,38
NRM-0001,0,52.38675319868237,48.38819844241674,103.95250680330862,0.1865341692950944,220.75669439121452,9023,1
NRM-0399,0,60.302905762877295,46.477803008933726,101.44511025302701,0.37394343984411055,216.4838896171256,1643,4
NRM-0234,0,52.754132910880614,38.587112292214776,99.88488770782295,0.3733142071605696,221.32985803981165,1394,0
DEF-0113,1,57.27332857726529,51.88738184901124,95.114825284157,2.5204570691275467,187.9457473479711,13519,41
NRM-0095,0,45.457518040533614,53.85694487194508,102.45601469250501,0.7128965507217137,221.12473658323336,722,1
DEF-0159,1,78.29152530132431,66.24600883743767,97.37106850529246,1.6754259977587813,194.75116745175458,16536,48
DEF-0431,1,76.08788382475365,58.50161675996606,89.24693074437383,4.59663447282398,189.44016487112918,8700,47
DEF-0024,1,76.69207646952623,64.36658484544714,93.08475201010006,1.345213318643009,189.86144567955756,11287,30
NRM-0335,0,51.3091949320319,37.805426528319224,106.66409397178134,0.5796994700611124,219.84043130913466,4979,1
DEF-0120,1,71.17389809720325,53.99915001799195,74.33257880400183,2.322084224089726,196.4865348942491,13996,15
NRM-0311,0,49.13189027357678,37.63981463486604,93.1308258755067,0.775693925492301,220.23164917445388,6516,0
DEF-0316,1,56.90396480078354,62.12030522232045,82.89240979393625,2.4884381832973768,197.7314212400185,12939,30
DEF-0266,1,58.92654401234545,68.14661668309013,93.95841645681028,2.0276175451645,196.87218162977285,5572,38
NRM-0046,0,53.04203876899613,58.829898072196336,100.49569169709062,0.33165761079239814,222.83648070951511,4703,2
DEF-0075,1,74.55142320501238,57.76658264654667,82.86492978047096,1.847600741369209,192.20487253383072,18716,10
NRM-0361,0,53.62068279657249,55.57207417154397,101.87584507029234,0.6029343108776459,219.24632464100688,1934,4
NRM-0494,0,55.859050716369225,52.49048816743892,95.91922505485978,0.20898907898188965,220.60392180034353,7073,4
DEF-0244,1,55.26250352041924,51.13694935842089,102.05168718548373,3.1817334306014664,190.70580613523452,5022,33
NRM-0065,0,43.07006028800501,46.382480716869416,83.3024991087288,0.37528478175959695,217.98267537123309,5285,3
